Agency,Facility_Name,NPDES_No,Region,Major/Minor,PDF_File,Shared_PDF
Manteca City,City of Manteca WW Quality Control Facility,CA0081558,5S,Major,r5-2021-0003_npdes.pdf,No
UC Davis,UC Davis Main WWTP,CA0077895,5S,Major,r5-2021-0007_npdes.pdf,No
Linda Cnty Water District,Linda Cnty Water District WWTP,CA0079651,5S,Major,r5-2022-0070_npdes.pdf,No
Stockton City,Wastewater Recovery Center,CA0079138,5S,Major,r5-2025-0027_npdes.pdf,No
"Bear Valley Water District (Bear Valley, CA)",Bear Valley WWTF,CA0085146,5S,Minor,r5-2022-0037_npdes.pdf,No
Mountain House City,Mountain House WWTP,CA0084271,5S,Major,r5-2023-0033-01_npdes.pdf,No
River Highlands CSD,Hammonton Gold Village WWTP,CA0081574,5S,Minor,r5-2022-0024_npdes.pdf,No
Town of Discovery Bay CSD,Discovery Bay WWTP,CA0078590,5S,Major,R5-2024-0068_npdes.pdf,No
Modesto City,North Valley Regional Recycled Water Program - Modesto WWTP & Turlock RWQCF,CA0085316,5S,Major,r5-2022-0034.pdf,No
Nevada City,Nevada City WWTP,CA0079901,5S,Minor,r5-2022-0039_npdes.pdf,No
Marin Cnty Sanitary District 5,Marin CSD 5 Paradise Cove WWTP,CA0037427,2,Minor,Paradise Cove - R2-2021-0017.pdf,No
San Jose City,San Jose/Santa Clara WPCP,CA0037842,2,Major,CA0037842 SJ-SC Order R2-2020-0001.pdf,No
Calistoga City Public Works Dept.,Calistoga City Dunaweal WWTP,CA0037966,2,Minor,R2-2022-0010.pdf,No
Vallejo Flood & Wastewater District (formerly Vallejo San & Flood Control District),Vallejo Flood & Wastewater District (VFWD) WWTP,CA0037699,2,Major,Order R2-2023-0001.pdf,No
North San Mateo County Sanitation District,North San Mateo County Sanitation District WWTP,CA0037737,2,Major,CA0037737 NSMCSD Order R2-2022-0036.pdf,No
Mt View Sanitary District,Mt. View Sanitary District WWTP,CA0037770,2,Major,MVSD Final Order ADA.pdf,No
Palo Alto City,Palo Alto Regional WQCP,CA0037834,2,Major,CA0037834 Palo Alto Order R2-2025-0003.pdf,No
Central Marin Sanitation Agency,Central Marin San. Agcy. WWTP,CA0038628,2,Major,Final Order Central Marin Sanitation Agency.pdf,No
Treasure Island Development Authority,Treasure Island WWTP/DOD,CA0110116,2,Major,R2-2020-0020.pdf,No
Covelo CSD,Covelo POTW,CA0023574,1,Minor,23_0006_covelo_csd_06.20.2023_eosigned.pdf,No
Healdsburg City,Healdsburg City WWTP,CA0025135,1,Major,22_0017_Healdsburg_WWTF_NPDES.pdf,No
Redway CSD,Redway POTW,CA0022781,1,Minor,23_0004_Redway_CSD_NPDES_01.26.23_EOsigned.pdf,No
Eureka City,Eureka City Elk River WWTP,CA0024449,1,Major,23_0016_Eureka_WWTP_NPDES_09.21.23.pdf,No
McKinleyville Community Service District,McKinleyville WWTP,CA0024490,1,"Major, Minor",2024_0023_mckinleyville_sc_npdes_signed.pdf,No
Ukiah City,Ukiah City WWTP,CA0022888,1,Major,24_0016_Ukiah_NPDES_07.18.2024_signed.pdf,No
Forestville Water District,Forestville Water District,CA0023043,1,Minor,2024_0004_forestville_npdes_signed.pdf,No
SOCWA-San Juan Creek Ocean O/F,SOCWA San Juan Creek Ocean Outfall,CA0107417,9,Major,amended_order_sjcoo signed dwg 03-19-25.pdf,Yes
SOCWA-San Juan Creek Ocean O/F,SMWD - Chiquita WRP,CA0107417,9,Major,amended_order_sjcoo signed dwg 03-19-25.pdf,Yes
Escondido City,Membrane Filtration/Reverse Osmosis Facility - Escondido,,9,Major,r9-2023_0131.pdf,No
SOCWA-San Juan Creek Ocean O/F,SOCWA - 3A Treatment Plant,CA0107417,9,Major,amended_order_sjcoo signed dwg 03-19-25.pdf,Yes
SOCWA-Aliso Creek Ocean O/F,SOCWA Aliso Creek Ocean Outfall,CA0107611,9,Major,r9_2022_0006_acoo_signature signed dwg 03-18-21.pdf,Yes
Sewerage Commission Oroville Region,Sewerage Commission Oroville Region WWTP,CA0079235,5R,Major,r5-2021-0044_npdes.pdf,No
Shasta Lake City,Shasta Lake WWTF,CA0079511,5R,Major,r5-2020-0058_npdes.pdf,No
,,CA0078921,5R,Minor,r5-2020-0004_npdes_minor_mod.pdf,No
Tehama Co SD #1,Mineral WWTP,CA0084069,5R,Minor,r5-2023-0040_npdes.pdf,No
Dunsmuir City,Dunsmuir WWTP,CA0078441,5R,Minor,r5-2024-0009_npdes.pdf,No
Montecito Sanitary District,Montecito SD WWTP,CA0047899,3,Major,20220829_Order R3-2022-0010_Final (ACC).pdf,No
Avila Beach CSD,Avila WWTP,CA0047830,3,Minor,R3-2017-0025 FINAL.pdf,No
San Simeon CSD,San Simeon WWTP,CA0047961,3,Minor,Order R3-2022-0003_signed.pdf,No
Summerland SD,Summerland SD WWTP,CA0048054,3,Minor,R3-2022-0014-(ACC).pdf,No
US Navy Naval Air Station El Centro,US Navy Naval Air Facility WWTP,CA0104906,7,Minor,R7-2021-0045.pdf,No
Coachella Valley WD,Coachella Valley WD WWTP,CA0104973,7,Major,R7-2023-0013.pdf,No
Holtville City,Holtville City WWTP,CA0104361,7,Minor,R7-2022-0005.pdf,No
Santa Clarita Valley SD of Los Angeles Cnty,Saugus Water Reclamation Plant,CA0054313,4,Major,2960_R4-2022-0175_WDR_PKG.pdf,No
Joint Outfall System,San Jose Creek Water Reclamation Plant,CA0053911,4,Major,5542_R4-2021-0131_WDR_PKG.pdf,No
Los Angeles Cnty DPW,Malibu Mesa WRP,CA0059099,4,Minor,6599_R4-2021-0062_WDR.pdf,No
Orange CSD,OCSD Plant 1,CA0110604,8,Major,R8-2021-0010_OCSD.pdf,Yes
Inland Empire Utilities Agency,IEUA Regional Plant No. 1,CA8000409,8,Major,R8-2022-0041_IEUA_ RWRFs_WDR_and_MRP.pdf,Yes
Inland Empire Utilities Agency,IEUA Regional Plant No. 2,CA8000409,8,Major,R8-2022-0041_IEUA_ RWRFs_WDR_and_MRP.pdf,Yes
Clovis City,Clovis WWTF,CA0085235,5F,Major,r5-2024-0036_npdes.pdf,No
