CWNS_ID,FACILITY_NAME,raw_permit_list,NPDES_PERMIT
06001001001,TULELAKE STP,['CA0023272'],CA0023272
06001002001,MONTAGUE WWTF,['WDR 96-068'],
06001003001,WEAVERVILLE WWTF,['ORDER No. R1-2018-00'],
06001004001,Westport STF,['NO.96-28'],
06001007001,BLUE LAKE WWTF,['R1-2012-0050'],
06001011001,FORTUNA WWTF,['CA0022730'],CA0022730
06001012001,GARBERVILLE WWTF,['R1-2011-0096'],
06001013001,HOPLAND WWTF,['R1-2008-0003'],
06001016001,MIRANDA WWTF,['No. R1-2019-0002'],
06001028001,Fort Bragg WWTP,['CA0023078'],CA0023078
06001035001,CLOVERDALE WWTF,"['CA0022977', '2006-0003-DWQ']",CA0022977
06001038001,BODEGA BAY WWTF,['NO. 91-130'],
06001042001,Yreka WWTF,['CAL010509'],CAL010509
06001045003,Oakmont WWTP,['NO.88-052'],
06001047001,Arcata WWTF,['CA0022713'],CA0022713
06001048001,POINT ARENA WWTF,['R1-2022-0015'],
06001050001,CALPELLA WWTP,['ORDER No. R1-2019-00'],
06001054001,WEED WWTF,['NO.96-070'],
06001064001,DORRIS WWTF,['WDR 98-004'],
06001065001,Etna Wastewater Treatment Facility,['R1‐2015‐0026'],
06001085001,NEWELL WWTF,['WDR Order No. 97-093'],
06001096001,Geyserville WWTF,['2006-0003-DWQ'],
06001099001,LARKFIELD-WIKIUP WWTF,['No. R1-2019-0007'],
06002011001,Burlingame WWTP,['CA0037788'],CA0037788
06002032002,North Point WPCP,['CA0037664'],CA0037664
06002032003,Southeast WPCP,['CA0037664'],CA0037664
06002032005,Oceanside WPCP,['CA0037681'],CA0037681
06002034002,C & H SUGAR JOINT WWTP,['CA0005240'],CA0005240
06002038001,Fairfield-Suisun Sewer District,['CA0038024'],CA0038024
06002039001,MILLBRAE MADRONE WWTF,['CA0037532'],CA0037532
06002042001,"San Leandro, City of (WPCP)",['CA0038881'],CA0038881
06002046001,SO SF-SAN BRUNO WWTF,['CA0038130'],CA0038130
06002058001,Sewer Authority Mid-Coastside WWTF,"['R2-00-016', 'CA0038598']",CA0038598
06002060003,OCEANA MARIN WWTF,['2006-0003-DWQ'],
06002060007,Tomales WWTP,['R2-86-86 '],
06002069001,Sonoma Valley WWTF,['CA0037800'],CA0037800
06002071001,Novato WWTF,['CA0037958'],CA0037958
06002074001,ST. HELENA WWTF,['CA0038016'],CA0038016
06002081001,Union Sanitary District (Alvarado WWTF),['CA0038733'],CA0038733
06002108001,Las Gallinas Valley Sanitary District Sewage Treatment Plant,['CA0037851'],CA0037851
06002109001,Livermore WRP,['CA0038008'],CA0038008
06002118001,Ellis Creek WRF,['CA0037810'],CA0037810
06002123001,S.F. International Airport WQCP,['CA0038318'],CA0038318
06002127001,YOUNTVILLE-VETERANS WWTF,['CA0038121'],CA0038121
06003003001,Lake Cachuma County Park WWTF,['NO. R3-2002-0012'],
06003005001,ATASCADERO WWTF,['CAL010561'],CAL010561
06003008001,SCOTTS VALLEY WWTF,['CA0048828'],CA0048828
06003014001,Morro Bay Cayucos WWTF,['CA0047881'],CA0047881
06003017001,Carmel Area Wastewater Treatment Plant,['CA0047996'],CA0047996
06003019001,CHUALAR TREATMENT PONDS,['CA0049981'],CA0049981
06003022001,GREENFIELD WWTF,['R3-2002-0062'],
06003027001,PASO ROBLES WWTP,['CA0047953'],CA0047953
06003028001,"Pismo Beach, City of (Collection & WWTF)","['2006-0003-DWQ', 'CA0048151']",CA0048151
06003030001,Cambria WQCP,"['ORDER NO. R3-2019-00', 'CAL010562']",CAL010562
06003035001,SAN MIGUEL STP,['CAC407893'],CAC407893
06003037001,El Estero Wastewater Treatment Facility,['CA0048143'],CA0048143
06003040001,SANTA MARIA WWTF,"['R3-2010-0001', '2006-0003-DWQ']",
06003044001,Watsonville WWTF,['CA0048216'],CA0048216
06003046001,Pfeiffer Big Sur WWTF,['NO.98-62'],
06003049001,Laguna CSD WWTF,['R3-2011-0217'],
06003054002,BEAR CREEK ESTATES WWTF,['R3-00-043'],
06003060001,South County Regional Wastewater Treatment and Reclamation Facility,['CA0049964'],CA0049964
06003063001,Hollister Domestic WWTP,['NO. R3-2008-0069'],
06003068001,CUYAMA WWTF,['CA0048089'],CA0048089
06003070001,GONZALES WWTF,['CAS000002'],
06003072001,GUADALUPE WWTF,['2006-0003-DWQ'],
06003081001,SO SAN LUIS OB CO WWTF,['CA0048003'],CA0048003
06003083001,TRES PINOS WWTF,['2014-0153-DWQ'],
06004003001,Simi Valley WWTP,['CA0055221'],CA0055221
06004006001,Ventura Water Reclamation Facility,['CA0053651'],CA0053651
06004007001,Hill Canyon WWTP,['CA0056294'],CA0056294
06004009001,LACSD (Joint Water Pollution Control Plant),['CA0053813'],CA0053813
06004009002,LACSD (Pomona WRP),['CA0053619'],CA0053619
06004009009,LACSD (Lancaster WRP),['R6V-2002-053'],
06004009010,LACSD (Palmdale WRP),['R6T-2011-0012'],
06004010002,Terminal Island WRP,['CA0053856'],CA0053856
06004010003,L.A.-Glendale WRP,['CA0053953'],CA0053953
06004010004,Tillman WRP,['CA0056227'],CA0056227
06004014001,Moorpark WWTF,['CA0063274'],CA0063274
06004020001,New Piru WWTF,['R4-2009-0027-A02'],
06004022002,NYELAND ACRES WWTF,['CA0104451'],CA0104451
06004026001,Tapia Water Reclamation Facility,['CA0056014'],CA0056014
06004029001,CAMARILLO Water Reclamation Plant,['CA0053597'],CA0053597
06004044001,Santa Paula WRF,"['R4-97-041', 'CA0054224']",
06005001001,OAKDALE WWTF,['R5-2012-0063'],
06005004001,WOODLAND WWTF,['CA0077950'],CA0077950
06005008001,HANFORD WWTF,['Order No. 91-164'],
06005010001,Bakersfield WWTP #2,['CAL000407'],CAL000407
06005010002,Bakersfield WWTP #3,['CAL000476'],CAL000476
06005012001,KERMAN WWTF,"['CAL010541', 'R5-2007-0115']",CAL010541
06005014001,COULTERVILLE WWTF,['N0.·5-00-193'],
06005022001,ORANGE COVE WWTF,['R5-2004-0008'],
06005024001,Live Oak WWTP,"['R5-04-097', 'CA0079022']",CA0079022
06005026001,LOS BANOS WWTF,['R5-2021-0026'],
06005032001,Woodlake WWTF,['CAL010550'],CAL010550
06005033001,Williams WWTF,['CA0077933'],CA0077933
06005039001,LINDSAY WWTF,['2006-0003-DWQ'],
06005042003,Delano WWTF,['R5-2017-0052'],
06005043001,Chowchilla WWTP,"['WDR 90-271', '2006-0003-DWQ']",
06005045001,DONNER SUMMIT WWTF,['CA0081621'],CA0081621
06005046001,DOS PALOS STP,['ORDER NO. 92-094'],
06005051001,FRANKLIN WWTF,['89-171'],
06005053001,Fresno-Clovis Regional WRF,['R5-2018-0080'],
06005055001,GRAYSON WWTF,"['93-088', '2006-0003-DWQ']",
06005056001,HURON WWTF,['R5-2014-0163'],
06005057001,ISLETON WWTF,"['NO. R5-2012-0006', 'NO. 90-186']",
06005058001,IVANHOE WWTF,['NO. 98-090'],
06005060004,LAKE CO NW REG WWTP,['WDR Order No. 97-249'],
06005062001,Lodi WPCF,['CA0079243'],CA0079243
06005063001,Maxwell WWTP,"['R5-2009-0109', 'CA0079987']",
06005064001,Merced WWTP,"['2006-0003-DWQ', 'CA0079219']",CA0079219
06005065001,"Modesto, City of (Sutter WWTF)",['CA0079103'],CA0079103
06005066001,Planada WWTF,"['CA0078950', '2006-0003-DWQ']",CA0078950
06005068001,RIVERBANK WWTF,['94-100'],
06005071001,Selma-Kingsburg-Fowler CSD WWTF,['5-01-255'],
06005078001,Visalia WWTP,"['CA0079189', 'R5-2018-0046']",CA0079189
06005079001,WASCO WWTF,['R5-2002-0198'],
06005080001,WATERFORD WWTP,"['NO. 94-273', 'CAL010535']",CAL010535
06005082002,Vallecito/Douglas Flat WWTF,['ORDER R5-2013-0009'],
06005094001,PLYMOUTH WWTF,['R5-2011-0092'],
06005099001,JACKSON WWTF,['CA0079391'],CA0079391
06005106001,Atwater Regional Wastewater Treatment Facility,"['R5-2017-0085-001', 'CA0079197']",
06005108001,Hughson WWTF,"['CAL010521', 'R5-2012-000']",CAL010521
06005109001,SONORA WWTP,['WDR R5-2002-0202'],
06005112001,IONE WWTF,['Order 95-125'],
06005113001,DEL REY WWTF,['2000-0003-DWQ'],
06005123001,KETTLEMAN CITY STP,['NO. 79-143'],
06005125001,Marysville WWTF,['NO.5-01-071'],
06005126001,PATTERSON WWTF,['R5-2007-0147'],
06005142001,ARVIN WWTF,['Order No. 5-00-093'],
06005143001,DELHI STP,['ORDER R5-2015-0053'],
06005145001,LAKEPORT SOUTH WWTF,['R5-2012-0025'],
06005158001,ESCALON WWTF,['ORDER NO: R5-2014-01'],
06005159001,GROVELAND WWTF,['2006-0003-DWQ'],
06005160001,JAMESTOWN WWTF,"['CAL010540', 'R5-2021-0046']",CAL010540
06005161001,MARIPOSA WWTF,['CA0079430'],CA0079430
06005164001,WOODBRIDGE WWTF,['NO. 93-213'],
06005169001,KNIGHTS LANDING WWTF,['R5-2007-0149'],
06005177001,DINUBA WWTF,['95-200'],
06005178001,Exeter WWTF,['2020-0015-DWQ'],
06005197001,MADERA STP,['R5-2022-0074'],
06005198001,Grass Valley WWTF,"['R5-2010-0050', 'R5-03-089', 'CA0079898']",CA0079898
06005218001,Sheridan WWTF,['R5-02-208'],
06005227002,Pleasant Grove WWTP,['CA0084573'],CA0084573
06005233001,Colfax WWTF,['CA0079529'],CA0079529
06005235001,DIXON WWTF,['R5-2014-0098'],
06005236001,WINTERS WWTF,['RS-2002-0136'],
06005238001,MOKELUMNE HILL WWTF,['NO. 91-098'],
06005244001,REEDLEY WWTP,['CA0081230'],CA0081230
06005246001,Corcoran WWTF,['R5-2021-0025'],
06005249003,El Dorado Hills WWTP,"['R5-2007-0069', 'CA0078671']",CA0078671
06005261001,AVENAL WWTF,"['CAL038610', '5-00-231']",CAL038610
06005265001,BIGGS WWTF,['CA0078930'],CA0078930
06005271001,BYRON SAN DIS WWTF,['R5-2009-000'],
06005279001,CHESTER WWTF,"['CA0077747', 'R5-04-050']",CA0077747
06005282001,CLEARLAKE OAKS WWTF,"['R5-2014-0707', 'CAL010533']",CAL010533
06005284001,COALINGA WWTF,['ORDER NO. 94-184'],
06005297001,Gustine WWTF,['CAL081272'],CAL081272
06005299001,HAMILTON CITY WWTF,['WDR98-81'],
06005306001,Lamont WWTF,"['CAL000433', 'R5-2022-0059']",CAL000433
06005310001,LEMOORE STP,"['CAL000435', 'R5-2019-0008']",CAL000435
06005316001,LONDON WWTF,['R5-2017-0109'],
06005319001,McCloud WWTF,['R5-2017-0078'],
06005322001,MURPHYS WWTF,['2006-0003-DWQ'],
06005325001,ORLAND WWTF,['R5-2010-0087'],
06005347001,TAFT WWTF,['CA0080161'],CA0080161
06005351001,Tipton WWTF,['85-170'],
06005357001,WHEATLAND WWTF,['WDR 91-069'],
06005360001,Woodville WWTF,['Order No. 86-108'],
06005366001,LOYALTON WWTF,['R5-2009-0108'],
06005367001,Malaga WWTF,"['R5-99-100', 'CA0084239']",CA0084239
06005551001,Camino Heights Wastewater Treatment Plant,"['R5-2012-0045,']",
06005607001,POPLAR WWTF,['ORDER NO. 98-214'],
06005693001,Reeder Tract  WWTF,['2014-0153-DWQ-R5303'],
06005780001,BIEBER WWTF,['CA0000000'],
06006002001,SUSANVILLE REG WWTF,['CA0102695'],CA0102695
06006004001,South Tahoe WWTF,['R6T-2004-0010'],
06006005001,Barstow WRF,['R6V-2019-0252'],
06006008001,Tahoe-Truckee WWTP,['R6T-2002-0030'],
06006009001,Victor Valley Regional WWRP,['CA0102822'],CA0102822
06006010001,Mammoth Community WWTF,"['R6V-2009-0035', '2006-0003-DWQ']",
06006011001,JUNE LAKE WWTF,['2016-0039-DWQ'],
06006012001,HILTON CREEK WWTF,['2006-0003-DWQ'],
06006013001,L. ARROWHEAD WWTF,['2013-0002-DWQ'],
06006021001,HOUSTON CREEK WWTF,['WDR-R6-1994-0057'],
06006027001,BRIDGEPORT WWTF,"['WDID No.: 6A26530090', 'NO. 6·01·12']",
06006031001,DESERT LAKE WWTF,['6-01-55'],
06006041001,Rosamond WWTF,['R6V-2019-0251'],
06006049001,MOJAVE WWTF,['NO. 6-01-36'],
06007002001,EL CENTRO WWTF,['CA0104426'],CA0104426
06007003001,PALM SPRINGS WWRF,['R7-2015-0013'],
06007005001,CALEXICO WWTF,['CA7000009'],CA7000009
06007010001,Blythe Regional WWTF,['CAL000372'],CAL000372
06007014001,IMPERIAL WWTF,['CA0104400'],CA0104400
06007021001,Alan Horton WWTF,['R7-2022-0008'],
06007022001,Brawley WWTP,"['CA0104523', 'R7-05-21']",CA0104523
06007023001,Imperial Commun Colleges Dist WWTF,['CA0104299'],CA0104299
06007025001,Coachella WWTP,['CA0104493'],CA0104493
06007029001,VALLEY SD WWTF,['CA0104477'],CA0104477
06007032001,BANNING WWTF,['CAL000410'],CAL000410
06008001001,"Riverside, City of (Regional Water Quality Control Plant)",['CA0105350'],CA0105350
06008004001,San Bernardino WRP,['CA0105392'],CA0105392
06008007001,BIG BEAR AREA REG WWTF,['CA8000344'],
06008012001,BEAUMONT WWTF,['CA0105376'],CA0105376
06008019001,Yucaipa Valley WD WWTP,"['R8-01-009', 'CA0105619']",CA0105619
06008020001,Corona WWTF #1,['CA8000383'],CA8000383
06008020002,Corona WWTF #2,['R8-2011-0015'],
06008022001,OCSD WRP No. 1,['CA0110604'],CA0110604
06008022002,OCSD WWTP No. 2,['CA0110604'],CA0110604
06008033001,Michelson WRP,['CA8000326'],CA8000326
06008034001,Railroad Canyon WWTP,['96-34'],
06008041002,Lake Elsinore Regional WWTP,['CA8000027'],CA8000027
06008052001,Rialto WWTP,['CA0105295'],CA0105295
06009004001,FALLBROOK WWTF #1,['CA0108031'],CA0108031
06009011001,Encina Water Pollution Control Facility,['CA0107395'],CA0107395
06009014002,Gafner Water Recycling Facility,['R9-2004-0223'],
06009015003,Ralph W. Chapman WRF,"['2006-0003-DWQ', 'R9-2007-0037']",
06009016001,Rancho Santa Fe WWTF,['Order No. 92-04'],
06009020001,Whispering Palms WPCF,['NO. 94-80'],
06009031001,Point Loma WRP,['CA0107409'],CA0107409
06009031002,North City WRP,['CA0109398'],CA0109398
06009036001,Padre Dam WRF,['CA0107492'],CA0107492
06009040001,Meadowlark Water Reclam. Facility,"['R9-2007-0018', 'CA0107395']",CA0107395
06009041001,"Oceanside, City of (La Salina WWTF)",['CA0107433'],CA0107433
06009041002,"Oceanside, City of (San Luis Rey WWTF)",['CA0107433'],CA0107433
06009058001,RANCHO DEL CAMPO WWTF,['Order WQ 2014-0153-D'],
06009076001,Irvine Ranch Water District (Los Alisos WRP),['CA8000326'],CA8000326
