Agency,Agency Address,Facility Name,Facility Address,Latitude,Longitude,Place/Project Type,SIC/NAICS,County,Region,Program,Regulatory Measure Status,Regulatory Measure Type,Order No.,WDID,NPDES No.,Adoption Date,Effective Date,Termination Date,Expiration/Review Date,Design Flow,Major/Minor,Complexity,TTWQ,# Enforcement Actions within 5 years,# Violations within 5 years
100 Altair LLC,"6272 Virgo Road, Oakland, CA 94611",100 Altair Way,"100 Altair Way, Sunnyvale, CA 94086",37.379156,-122.015634,Domestic Site NEC,,Santa Clara,2,NPDNONMUNIPRCS,Historical,Enrollee - NPDES,R2-2017-0048,2_43NPG442245,,,02/17/2021,09/16/2022,12/31/2023,,Minor,,,0,1
100 East Ocean Partners LLC,"2 North Lake Avenue 230, Pasadena, CA 91101",Edgewater on Ocean Condominium Project,"100 Ocean Boulevard, Long Beach, CA 90802",33.766389,Error,Other,,Los Angeles,4,NPDNONMUNIPRCS,Historical,Enrollee,R4-2003-0111,4B197500099,CAG994004,,02/07/2006,01/06/2009,01/01/2010,1.4,Minor,,,0,0
100 N. Crescent LLC c/o Kennedy Wilson Properties Ltd,"100 North Crescent Drive 115, Beverly Hills, CA 90210",100 N. Crescent (dewatering),"100 North Crescent Drive, Beverly Hills, CA 90210",34.067132,-118.395785,Domestic Site NEC,6719,Los Angeles,4,NPDNONMUNIPRCS,Active,Enrollee - NPDES,R4-2023-0429,4B196000369,CAG994004,,06/30/1997,,03/21/2029,.0006,Minor,C,3,4,36
"1000 Channel Street (SF) Owner, LLC","4700 Wilshire Boulevard, Los Angeles, CA 90010",Block 1 Mission Bay,"San Francisco, CA 94103",,,Domestic Site NEC,,San Francisco,2,NPDNONMUNIPRCS,Historical,Enrollee - NPDES,R2-2012-0012,2386070001,CAG912002,,08/27/2015,08/10/2016,03/15/2017,,Minor,B,2,0,0
10291 Whipple LLC,"3176 Glendale Boulevard, Los Angeles, CA 90039",Occidental Plaza,"4414 & 4430 East York Boulevard, Los Angeles, CA 90041",34.123889,Error,Other,,Los Angeles,4,NPDNONMUNIPRCS,Historical,Enrollee,R4-2003-0111,4B197500211,CAG994004,,12/11/2006,01/07/2008,08/07/2008,.06,Minor,,,0,0
1070 Bedford LLC,"16325 Avalon Boulevard, Gardena, CA 90248",19 Unit Apartment,"1064-1070 South Bedford Street, Los Angeles, CA 90035",34.05741,-118.38008,"Residence, NEC",152,Los Angeles,4,NPDNONMUNIPRCS,Historical,Enrollee - NPDES,R4-2013-0095,4B198901129,CAG994004,,12/02/2016,02/24/2021,07/06/2018,.144,Minor,,,0,0
"1091 Industrial Owner, LLC","801 Hamilton Street, Redwood City, CA 94603",1091 Industrial Road,"1091 Industrial Road, San Carlos, CA 94070",37.50467,-122.24895,Domestic Site NEC,,San Mateo,2,NPDNONMUNIPRCS,Historical,Enrollee - NPDES,R2-2017-0048,,,,08/07/2020,11/03/2022,12/31/2023,300,Minor,,,0,0
"1095 Rollins Road, LP","1900 South Norfolk Street 150, San Mateo, CA 94403",1095 Rollins Road,"1095 Rollins Road, Burlingame, CA 94010",37.58888,-122.35834,Domestic Site NEC,,San Mateo,2,NPDNONMUNIPRCS,Historical,Enrollee - NPDES,R2-2017-0048,2_41NPG443131,,,04/22/2021,06/03/2022,12/31/2023,,Minor,,,0,1
1122 University Avenue LLC,,"1122 University Avenue, Berkeley","1122 University Avenue, Berkeley, CA 94502",37.868889,Error,Other,,Alameda,2,NPDNONMUNIPRCS,Historical,Enrollee,,2 019468001,,,01/02/2009,07/07/2009,,,Minor,,,0,0
11925 Wilshire Associates LLC,"1528 6th Street 100, Santa Monica, CA 90401",11925 Wilshire Blvd,"11925 Wilshire Boulevard, Los Angeles, CA 90025",34.046462,-118.464577,Domestic Site NEC,1542,Los Angeles,4,NPDNONMUNIPRCS,Historical,Enrollee - NPDES,R4-2013-0095,4B196000422,CAG994004,,06/30/1997,07/18/2019,07/06/2018,.0058,Minor,C,3,0,0
"121 San Vicente, LLC","721 North Crescent Drive, Beverly Hills, CA 90210",Proposed Commercial Building Project,"119-123 North San Vicente Boulevard, Beverly Hills, CA 90048",34.0674,-118.37432,"Service/Commercial Site, NEC",1542,Los Angeles,4,NPDNONMUNIPRCS,Historical,Enrollee - NPDES,R4-2013-0095,4B198901009,CAG994004,,07/23/2013,09/05/2017,07/06/2018,.12,Minor,,,0,0
1220 Santa Clara Propco LLC,"3131 Turtle Creek Boulevard Suite 310, Dallas, TX 75219",Skybox-Memorex,"1100 Memorex Drive, Santa Clara, CA 95050",37.383999,-121.936656,Domestic Site NEC,,Santa Clara,2,NPDNONMUNIPRCS,Historical,Enrollee - NPDES,R2-2017-0048,2_43NPG444918,,,09/09/2021,07/06/2022,12/31/2023,,Minor,,,0,0
"1310 K Street Apartments Investors, LLC","5790 Fleet Street 140, San Diego, CA 92008","GW Extraction, Alexan San Diego, 1300 K Street","1300 K Street, San Diego, CA 92101",32.70839,-117.15282,Domestic Site NEC,,San Diego,9,NPDNONMUNIPRCS,Historical,Enrollee - NPDES,R9-2015-0013,,,,06/24/2016,12/22/2016,06/24/2017,,Minor,,,0,0
1500 North California Blvd LLC,"1981 North Broadway 415, Walnut Creek, CA 94596",1500 N California Blvd. Facility,"1500 North California Boulevard, Walnut Creek, CA 94596",,,Domestic Site NEC,,Contra Costa,2,NPDNONMUNIPRCS,Historical,Enrollee - NPDES,R2-2012-0012,2 071260001,CAG912002,04/02/2014,04/02/2014,03/22/2016,03/15/2017,,Minor,B,2,0,0
"1503 Venice, LLC","2001 Wilshire Boulevard 201, Santa Monica, CA 90403",1503 Venice Blvd Apartments,"1503 Venice Boulevard, Los Angeles, CA 90291",33.99671,-118.44831,"Residence, NEC",,Los Angeles,4,NPDNONMUNIPRCS,Historical,Enrollee - NPDES,R4-2018-0125,4B198903054,CAG994004,,02/21/2020,12/07/2023,11/13/2023,.432,Minor,,,1,7
"15th & Market Street, LP","1111 Main Street 700, Vancouver, WA 98660",15th & Market Dewatering,"1450 Market Street, San Diego, CA 92101",32.712533,-117.150506,Domestic Site NEC,,San Diego,9,NPDNONMUNIPRCS,Historical,Enrollee,R9-2007-0034,9 000002550,CAG919001,02/22/2013,,05/20/2013,,0.288,Minor,A,1,0,0
1614-1618 Hilts LLC,"1100 South Hope Street 103, Los Angeles, CA 90015",1614-1618 Hilts Ave.,"1614 Hilts Avenue, Los Angeles, CA 90024",34.05559,-118.43176,"Residence, NEC",,Los Angeles,4,NPDNONMUNIPRCS,Historical,Enrollee - NPDES,R4-2018-0125,4B198903026,CAG994004,,09/04/2019,12/10/2021,11/13/2023,.144,Minor,,,0,2
1790 Ten Corporation,"1790 10th Street, San Jose, CA 95109",498 South 4th Street - Spartan,"498 4th, San Jose, CA 95112",37.346288,-121.893795,Other,,Santa Clara,2,NPDNONMUNIPRCS,Historical,Enrollee,R2-2006-0075,2 438579001,CAG912002,,03/27/2002,02/03/2009,01/12/2012,.036,Minor,B,2,0,0
"1800 Rosecrans Partners, LLC","2301 Rosecrans Avenue 1150, El Segundo, CA 90245",Former Fairchild Controls Facility,"1800 Rosecrans Avenue, Manhattan Beach, CA 90266",33.901813,-118.381426,Manufacturing NEC,9999,Los Angeles,4,"NPDNONMUNIPRCS, WDRNONMUNIPRCS",Active,Enrollee - WDR,R4-2014-0187,4B198601040,,,11/04/2015,,,,,A,3,0,2
1801 Avenue of the Stars LP,"1801 Avenue Of The Stars 330, Los Angeles, CA 90056",Westfield Building (former Gateway West Building),"1801 Avenue of the Stars, Los Angeles, CA 90067",34.05944,-118.41667,"Service/Commercial Site, NEC",6512,Los Angeles,4,NPDESWW,Historical,NPDES Permit,97-094,4B191067001,CA0053287,07/21/1997,07/21/1997,03/02/2005,07/10/2002,.032,Minor,C,3,0,0
1950 MLK LLC,,1950 MLK LLC,"1950 Martin Luther King Way, CA 94704",37.87175,Error,Other,,Alameda,2,NPDNONMUNIPRCS,Historical,Enrollee,R2-2006-0075,2 019466001,CAG912002,05/05/2008,05/05/2008,12/02/2011,01/12/2012,,Minor,,,0,0
200 Saratoga Avenue Corrective Action Account,,Former Super 7,"200 Saratoga Avenue, Los Gatos, CA 95030",37.2275,Error,Other,,Santa Clara,2,NPDNONMUNIPRCS,Historical,Enrollee,R2-2006-0075,,CAG912002,,02/14/2007,09/15/2010,01/12/2012,,Minor,B,2,0,0
"2050 S Bundy THC, LLC","11777 South San Vicente Boulevard, Los Angeles, CA 90049",2050 S. Bundy Drive,"2050 South Bundy Drive, Los Angeles, CA 90025",34.03328,-118.45442,"Development Site, NEC",,Los Angeles,4,NPDNONMUNIPRCS,Historical,Enrollee - NPDES,R4-2018-0125,4B198903152,CAG994004,,04/11/2023,02/21/2025,,,Minor,,,0,0
"207 Seaside Partners, LLC","444 West Ocean Boulevard 1108, Long Beach, CA 90802",207 Seaside Way Construction Project,"207 East Seaside Way, Long Beach, CA 90802",33.76532,-118.19426,"Residence, NEC",6552,Los Angeles,4,NPDNONMUNIPRCS,Historical,Enrollee - NPDES,R4-2013-0095,4B198901078,CAG994004,,04/20/2016,06/10/2021,07/06/2018,.144,Minor,,,0,0
2126 Strand LLC,"600 Anderson Street, Manhattan Beach, CA 90266",2126 The Strand Single Family House,"2126 The Strand, Hermosa Beach, CA 90254",33.868555,-118.40425,Other,1522,Los Angeles,4,NPDNONMUNIPRCS,Historical,Enrollee,R4-2008-0032,4B198900008,CAG994004,,08/19/2008,09/30/2009,09/30/2009,.5,Minor,,,0,0
220 Park Road Owner LLC,"145 Addison Avenue, Palo Alto, CA 94301",220 Park Road,"220 Park Road, Burlingame, CA 94010",37.58641,-122.35999,Domestic Site NEC,,San Mateo,2,NPDNONMUNIPRCS,Historical,Enrollee - NPDES,R2-2017-0048,2_41NPG446900,,,03/09/2022,06/13/2023,12/31/2023,,Minor,,,0,0
222 Main Street Investors LP,"5000 East Spring Street 500, Long Beach, CA 90815",Vibiana Apartments,"222 South Main Street, Los Angeles, CA 90012",34.05052,-118.24493,"Residence, NEC",,Los Angeles,4,NPDNONMUNIPRCS,Historical,Enrollee - NPDES,R4-2013-0095,4B198901044,CAG994004,,11/19/2014,06/01/2016,07/06/2018,.1008,Minor,,,0,0
22nd District Agricultural Association,"2260 Jimmy Durante Boulevard, Del Mar, CA 92014-2216",22nd District Agricultural Association - Fireworks Event Location,"2260 Jimmy Durante Boulevard, Del Mar, CA 92014",32.97667,-117.25583,Outdoor Event Venue,7999,San Diego,9,NPDNONMUNIPRCS,Active,Enrollee - NPDES,R9-2022-0002,9 000002294,CAG999002,,10/21/2022,,05/31/2027,,Minor,,3,0,0
"237 Winward, LLC","8228 Sunset Boulevard 211, West Hollywood, CA 90046",505 Silver Lake,"505 Silver Lake Boulevard, Los Angeles, CA 90026",34.07805,-118.28028,"Residence, NEC",,Los Angeles,4,NPDNONMUNIPRCS,Historical,Enrollee - NPDES,R4-2018-0125,4B198903022,CAG994004,,06/25/2019,01/05/2021,11/13/2023,.144,Minor,,,0,2
250 Bryant Mountain View LLC - Lund Smith,"3201 Ash Street, Palo Alto, CA 94306",250 Bryant Street,"250 Bryant Street, Mountain View, CA 94041",,,Groundwater Cleanup Site,,Santa Clara,2,NPDNONMUNIPRCS,Historical,Enrollee,R2-2012-0012,2438690001,CAG912002,,09/19/2013,05/27/2014,03/15/2017,,Minor,B,2,0,0
26800 PCH & Associates LLP,,Gulls Way,"24255 Pacific Coast, Malibu, CA 90263",34.034744,-118.704227,Other,822,Los Angeles,4,NPDNONMUNIPRCS,Historical,Enrollee,97-045,4B196000224,CAG994001,,01/24/1996,08/30/2004,,.002275,,C,3,0,0
"27 DBV Owner, LLC","700 Second Street, Encinitas, CA 92024",GW Extraction - South Cove,"34202 Del Obispo Street, Dana Point, CA 92629",33.46488,-117.68349,Domestic Site NEC,,Orange,9,NPDNONMUNIPRCS,Historical,Enrollee - NPDES,R9-2015-0013,,,,08/05/2016,09/21/2016,10/05/2016,,Minor,,,0,0
"2847 Leeward, LLC","26527 Agoura Road 200, Calabasas, CA 91302",2847 Leeward,"2841-2847 Leeward Avenue, Los Angeles, CA 90005",34.05902,-118.28541,"Residence, NEC",,Los Angeles,4,NPDNONMUNIPRCS,Historical,Enrollee - NPDES,R4-2018-0125,4B198903013,CAG994004,,03/25/2019,04/20/2022,11/13/2023,.144,Minor,,,0,0
2KUC Poway Development LLC,"11107 Roselle Street, San Diego, CA 92121",GW EX - 13247 Poway Road,"13247 Poway Road, Poway, CA 92064",32.9556,-117.0435,Domestic Site NEC,,San Diego,9,NPDNONMUNIPRCS,Active,Enrollee - NPDES,R9-2015-0013,9 000003981,CAG919003,,03/27/2024,,09/30/2027,0.288,Minor,C,1,5,29
"3000 Broadway SPE, LLC","1901 Harrison Street, Oakland, CA 94612",NPDES General Permit No. CAG912002,"San Francisco Region, CA",,,Domestic Site NEC,,Alameda,2,NPDNONMUNIPRCS,Historical,Enrollee - NPDES,R2-2017-0048,2_01NPG420519,CAG912002,,03/30/2018,06/25/2019,,,Minor,,,0,0
"3000 Broadway SPE, LLC","1901 Harrison Street, Oakland, CA 94612",3000 Broadway,"3000 Broadway, Oakland, CA 94611",,,Domestic Site NEC,,Alameda,2,NPDNONMUNIPRCS,Historical,Enrollee - NPDES,R2-2017-0048,2_01NPG420519,CAG912002,,03/30/2018,06/25/2019,,,Minor,,,0,0
31438 Broad Beach Road LLC,"20750 Ventura Boulevard 155, Woodland Hills, CA 91364",Lingo Residence,"25306 Malibu Road, Malibu, CA 90265",34.03228,-118.72618,Domestic Site NEC,,Los Angeles,4,NPDNONMUNIPRCS,Active,Enrollee - NPDES,R4-2018-0125,4B198903134,,01/09/2023,01/09/2023,,11/13/2023,.144,Minor,,,1,7
3303 Sunset LLC,"1525 South Broadway, Los Angeles, CA 90015",3303 Sunset,"3303 Sunset Boulevard, Los Angeles, CA 90026",34.08673,-118.27512,Domestic Site NEC,,Los Angeles,4,NPDNONMUNIPRCS,Active,Enrollee - NPDES,R4-2023-0429,4B198903092,CAG994004,11/13/2018,08/03/2021,,03/21/2029,0.216,Minor,C,2,0,4
3400 Hillview Group,"2550 North First Street Ste. 200, San Jose, CA 95131","3400 Hillview Avenue, Palo Alto","3400 Hillview Avenue, Palo Alto, CA 94304",,,Groundwater Cleanup Site,,Santa Clara,2,NPDNONMUNIPRCS,Active,Enrollee - NPDES,R2-2017-0048,2 438361002,CAG912002,,08/25/2014,,09/01/2022,,Minor,B,2,1,4
"35 State Street Hotel Partners, LLC","1999 Avenue Of The Stars 2850, Los Angeles, CA 90067",110 State Street - Ritz Carlton Site (Former Chess Motors),"110 State Street, Santa Barbara, CA 93101",34.413227,-119.690535,Groundwater Cleanup Site,,Santa Barbara,3,NPDNONMUNIPRCS,Historical,Enrollee,R3-2011-0222,3 420405198,CAG993002,12/01/2006,12/01/2006,05/04/2016,12/01/2016,,Minor,C,3,0,0
350 Ocean LLC,"5710 Lbj Parkway 328, Dallas, TX 75240",Ocean Villas,"388 Ocean, Long Beach, CA 90802",33.766605,-118.187676,Other,1542,Los Angeles,4,NPDNONMUNIPRCS,Historical,Enrollee,97-045,4B196000618,CAG994001,,08/08/2002,03/17/2004,,1.73,,C,3,0,0
"355 Glendale Blvd, LLC","11601 Wilshire Boulevard 2060, Los Angeles, CA 90025",Inspire Echo Park,"355 Glendale Boulevard, Los Angeles, CA 90026",34.06715,-118.26091,"Residence, NEC",,Los Angeles,4,NPDMUNIOTH,Historical,Enrollee - NPDES,R4-2018-0125,4B198903083,CAG994004,,02/24/2021,02/13/2025,11/13/2023,.288,Minor,,,0,0
360 Destination Group,"2650 North Camino Del Rio 305, San Diego, CA 92108","360 Destination Group, Fireworks Event Location","San Diego, CA 92101",32.71377,-117.17677,Outdoor Event Venue,,San Diego,9,NPDNONMUNIPRCS,Historical,Enrollee - NPDES,R9-2011-0022,9 000003090,CAG999002,,08/31/2016,05/31/2023,09/01/2021,,Minor,,3,0,0
"360 North Crescent, LLC","360 North Crescent Drive South Bldg, Beverly Hills, CA 90210",Parking Structure,"375 North Crescent Drive, Beverly Hills, CA 90210",34.077778,-118.406111,"Service/Commercial Site, NEC",7521,Los Angeles,4,NPDNONMUNIPRCS,Historical,Enrollee,R4-2008-0032,4B197500105,CAG994004,,02/24/2006,02/06/2015,06/05/2013,.005,Minor,,,0,0
"3800 West Sixth Street, LLC","3699 Wilshire Boulevard 720, Los Angeles, CA 90010",3800 West Sixth Street LLC,"3800 West 6th Street, Los Angeles, CA 90020",34.06342,-118.30567,"Service/Commercial Site, NEC",,Los Angeles,4,NPDNONMUNIPRCS,Historical,Enrollee - NPDES,R4-2018-0125,4B198903024,CAG994004,,08/21/2019,07/27/2022,11/13/2023,.216,Minor,,,0,1
381 Stockton LLC,"381-A Stockton Avenue, San Jose, CA 95126",395 Stockton - SJ,"395 Stockton, San Jose, CA",37.31667,-121.88528,Other,,Santa Clara,2,NPDNONMUNIPRCS,Historical,Enrollee,R2-2006-0075,2 438578001,CAG912002,,11/14/2001,01/09/2009,09/19/2006,.0144,Minor,B,2,0,0
385 Sherman Holdings LLC,"6272 Virgo Road, Oakland, CA 94301","385 Sherman Holdings, LLC","385 Sherman Avenue, Palo Alto, CA 94301",,,Groundwater Cleanup Site,,Santa Clara,2,NPDNONMUNIPRCS,Historical,Enrollee - NPDES,R2-2012-0012,2438703001,CAG912002,,05/07/2015,09/01/2016,03/15/2017,,Minor,B,,0,0
3M Company EHS Operations,"Po Box 33331, Saint Paul, MN 55133-3331",3M Drug Delivery Systems,"19901 Nordhoff Street, Northridge, CA 91328",34.233409,-118.567783,Manufacturing NEC,2834,Los Angeles,4,"NPDNONMUNIPRCS, WDRNONMUNIPRCS",Active,Enrollee - WDR,R4-2002-0030,4B197200034,,,09/19/2003,,,,Minor,A,3,0,0
"3rd Claremont Owner, LLC","530 Emerson Street 150, Palo Alto, CA 94301",3rd and Claremont,"Third Avenue and Claremont Street, San Mateo, CA 94401",37.56941,-122.31684,Domestic Site NEC,,San Mateo,2,NPDNONMUNIPRCS,Historical,Enrollee - NPDES,R2-2017-0048,2_41NPG437204,,,02/24/2020,04/30/2021,12/31/2023,200,Minor,,,0,1
"400 S. San Vicente, LLC c/o The Abraham Companies","4343 Macarthur Boulevard Suite 1085, Newport Beach, CA 92660",Beverly Plaza,"400 South San Vicente Boulevard, Santa Monica, CA 90402",34.02924,-118.51082,"Development Site, NEC",,Los Angeles,4,NPDNONMUNIPRCS,Active,Enrollee - NPDES,R4-2023-0429,4B198906011,CAG994004,,07/22/2024,,03/21/2029,.432,Minor,A,1,0,0
407 North Maple LP c/o Tishman Speyer Properties,"345 North Maple Drive 201, Beverly Hills, CA 90210",407 North Maple Drive,"407 North Maple Drive, Beverly Hills, CA 90210",34.075885,-118.393513,"Service/Commercial Site, NEC",,Los Angeles,4,NPDNONMUNIPRCS,Active,Enrollee - NPDES,R4-2018-0125,4B196000544,CAG994004,,08/09/2000,,11/13/2023,.4,Minor,C,3,1,36
4100 Del Rey LLC,"4100 Del Rey, Marina Del Rey, CA 90292",Tribeca Urban,"4108 Del Rey Avenue, Marina Del Rey, CA 90292",33.98833,-118.44494,"Development Site, NEC",1522,Los Angeles,4,NPDNONMUNIPRCS,Historical,Enrollee,R4-2008-0032,4B198900144,CAG994004,,01/02/2013,02/07/2014,06/05/2013,0.288,Minor,,,0,0
"4110 West 3rd Street, LLC","8871 Research Drive, Irvine, CA 92618",Hampton Inn & Suites- Koreatown,"4100 West 3rd Street, Los Angeles, CA 90020",34.069,-118.30293,"Service/Commercial Site, NEC",7011,Los Angeles,4,NPDNONMUNIPRCS,Active,Enrollee - NPDES,R4-2013-0095,4B198901070,CAG994004,,11/16/2015,,07/06/2018,.144,Minor,,,0,0
"4201 Wilshire, LLC","4201 Wilshire Boulevard 350, Los Angeles, CA 90010",Harbor Associates,"4201 Wilshire Boulevard, Los Angeles, CA 90010",34.061744,-118.319247,"Service/Commercial Site, NEC",6512,Los Angeles,4,NPDESWW,Historical,NPDES Permit,97-097,4B191083001,CA0054861,07/21/1997,07/21/1997,04/07/2005,06/10/2002,.005,Minor,C,3,0,0
"433 Vermont, L.P.","11150 West Olympic Boulevard 620, Los Angeles, CA 90064",Vermont Corridor Apartments,"433 South Vermont Avenue, Los Angeles, CA 90020",34.06636,-118.29196,"Residence, NEC",1522,Los Angeles,4,NPDNONMUNIPRCS,Historical,Enrollee - NPDES,R4-2018-0125,4B198903057,CAG994004,,02/27/2020,11/07/2023,11/13/2023,0.144,Minor,,,0,0
442 Ocean Apt. LLC,"442 Ocean Avenue 1108, Long Beach, CA 90802",442 Ocean Apt Construction,"442 Ocean Avenue, Long Beach, CA 90802",33.76718,-118.19726,"Residence, NEC",152,Los Angeles,4,NPDNONMUNIPRCS,Historical,Enrollee - NPDES,R4-2013-0095,4B198901073,CAG994004,,02/12/2016,12/24/2020,07/06/2018,.144,Minor,,,0,2
464 Prospect-La Jolla Homeowner's Association,"464 Prospect Street, La Jolla, CA 92037",GW EX - 464 Prospect Garage,"7675 La Jolla Boulevard, La Jolla, CA 92037",32.842194,-117.280222,Domestic Site NEC,,San Diego,9,NPDNONMUNIPRCS,Active,Enrollee - NPDES,R9-2015-0013,9 000003190,CAG919003,,09/26/2018,,09/26/2023,,Minor,C,3,0,8
4733 Elmwood HOA c/o AMP Management Company,"P.O. Box 741938, Los Angeles, CA 90004",4733 Elmwood HOA,"4733 Elmwood Avenue, Los Angeles, CA 90004",34.078611,-118.326111,"Residence, NEC",1522,Los Angeles,4,NPDNONMUNIPRCS,Active,Enrollee - NPDES,R4-2018-0125,4B197500236,CAG994004,,06/05/2007,,11/13/2023,.05,Minor,,,1,19
"477 Market, LLC","333 West Santa Clara Street 810, San Jose, CA 95133",477 S. Market St.,"477 South Market Street, San Jose, CA 95133",,,Domestic Site NEC,,Santa Clara,2,NPDNONMUNIPRCS,Historical,Enrollee - NPDES,R2-2017-0048,2 43NPG430684,,,05/20/2019,05/07/2021,12/31/2023,,Minor,,,1,0
"4D Development, LLC","8271 Melrose Avenue 207, Los Angeles, CA 90046",Huntley Project,"634 Huntley Drive, West Hollywood, CA 90069",34.083,-118.3805,"Residence, NEC",,Los Angeles,4,NPDNONMUNIPRCS,Historical,Enrollee - NPDES,R4-2018-0125,4B198903014,CAG994004,,03/26/2019,01/20/2021,11/13/2023,.144,Minor,,,0,0
"4th & J, LLC","5141 California Avenue 100, Irvine, CA 92617","GW Extraction, Legacy at 4th and J, 372 4th Avenue","372 4th Avenue, San Diego, CA 92101",32.70931,-117.16149,Domestic Site NEC,,San Diego,9,NPDNONMUNIPRCS,Historical,Enrollee - NPDES,R9-2015-0013,,,,10/27/2017,10/16/2018,10/27/2018,,Minor,,,0,0
"509 Orlando, LLC","8228 Sunset Boulevard 300, West Hollywood, CA 90046",507-509 Orlando,"507- 509 Orlando Avenue, West Hollywood, CA 90048",34.08054,-118.37347,"Residence, NEC",,Los Angeles,4,NPDNONMUNIPRCS,Historical,Enrollee - NPDES,R4-2013-0095,4B198901127,CAG994004,,11/17/2016,04/23/2018,07/06/2018,.144,Minor,,,0,0
5100 Wilshire L.P. & 3279 Bernard L.P.,"2566 Overland Avenue 700, Los Angeles, CA 90064",The Mansfield,"5100 Wilshire Boulevard, Los Angeles, CA 90036",34.06184,-118.34112,"Development Site, NEC",152,Los Angeles,4,NPDNONMUNIPRCS,Historical,Enrollee - NPDES,R4-2013-0095,4B198901049,CAG994004,,02/05/2015,10/13/2017,07/06/2018,.072,Minor,,,0,0
"5103 W. Adams (LA), LLC","4700 Wilshire Boulevard, Los Angeles, CA 90069",2555 South Mansfield Avenue Project,"2555 South Mansfield Avenue, Los Angeles, CA 90016",34.03286,-118.35177,Domestic Site NEC,,Los Angeles,4,NPDNONMUNIPRCS,Historical,Enrollee - NPDES,R4-2018-0125,4B198903086,CAG994004,,03/15/2021,12/30/2022,11/13/2023,.144,Minor,,,0,0
5223 W. Adams (LA) LLC,"4700 Wilshire Boulevard, Los Angeles, CA 90010",5217 Adams,"5213-5223 West Adams Boulevard, Los Angeles, CA 90016",34.03274,-118.35566,"Residence, NEC",,Los Angeles,4,NPDNONMUNIPRCS,Historical,Enrollee - NPDES,R4-2018-0125,4B198903135,CAG994004,,07/28/2022,02/13/2025,11/13/2023,,Minor,,,0,8
"5601 - 5667 Santa Monica Blvd (LA) Owner, LLC","4700 Wilshire Boulevard, Los Angeles, CA 90010",5667 Santa Monica Boulevard,"5601- 5667 West Santa Monica Boulevard, Los Angeles, CA 90038",34.09107,-118.31329,"Residence, NEC",,Los Angeles,4,NPDNONMUNIPRCS,Historical,Enrollee - NPDES,R4-2013-0095,4B198901131,CAG994004,,02/07/2017,05/15/2019,07/06/2018,,Minor,,,0,0
"5950 Jefferson, LLC","11400 West Olympic Boulevard 850, Los Angeles, CA 90064",5950 Jefferson Blvd Commercial Bldg,"5950 Jefferson Boulevard, Los Angeles, CA 90016",34.02084,-118.37783,"Service/Commercial Site, NEC",,Los Angeles,4,NPDNONMUNIPRCS,Historical,Enrollee - NPDES,R4-2018-0125,4B198903027,CAG994004,,09/10/2019,12/10/2021,11/13/2023,.144,Minor,,,0,0
5th Rock LLC,"12625 High Bluff Drive 112, San Diego, CA 92130",Hard Rock Hotel San Diego,"5th Avenue and K Street, San Diego, CA 92101",,,Other,,San Diego,9,NPDNONMUNIPRCS,Historical,Enrollee,R9-2000-0090,9 000001334,CAG919001,02/25/2005,02/25/2005,08/04/2006,05/31/2006,,,A,3,0,0
600 Anton Boulevard Associates,"611 Anton Boulevard 710, Costa Mesa, CA 92626","Dewatering,Costa Mesa","602 Anton, Costa Mesa, CA 92626",33.690222,-117.881234,Other,1623,Orange,8,NPDESWW,Historical,WDR,93-03704,8 302693001,,04/23/1993,04/23/1993,,,.0001,,C,3,0,0
"601 Marshall Street Owner, LLC","145 Addison Avenue, Palo Alto, CA 94301","601 Marshall Street Owner, LLC","601 Marshall Street, Redwood City, CA 94063",,,Domestic Site NEC,,San Mateo,2,NPDNONMUNIPRCS,Historical,Enrollee - NPDES,R2-2017-0048,2_417207001,CAG912002,02/08/2012,05/24/2016,08/31/2017,09/01/2022,,Minor,,,0,0
"6041 Variel, LLC","21800 Oxnard Street 900, Woodland Hills, CA 91367",6041 Variel Avenue,"6041 Variel Avenue, Woodland Hills, CA 91367",,,"Residence, NEC",1522,Los Angeles,4,NPDNONMUNIPRCS,Historical,Enrollee - NPDES,R4-2018-0125,4B198901171,CAG994004,,05/14/2018,12/06/2021,11/13/2023,.144,Minor,,,0,0
616 Croft Avenue LLC,"6565 Sunset Boulevard 511, Los Angeles, CA 90028",Croft Avenue Properties,"612-616 North Croft Avenue, West Hollywood, CA 90048",34.08245,-118.3739,"Development Site, NEC",1522,Los Angeles,4,NPDNONMUNIPRCS,Historical,Enrollee,R4-2008-0032,4B198900135,CAG994004,,11/15/2012,12/18/2013,06/05/2013,.144,Minor,,,0,0
620 Gramercy Place Homeowners Association,"620 South Gramercy Place 100, Los Angeles, CA 90005",620 Gramercy Place,"620 South Gramercy Place, Los Angeles, CA 90005",34.063126,-118.312813,"Residence, NEC",6514,Los Angeles,4,NPDNONMUNIPRCS,Active,Enrollee - NPDES,R4-2018-0125,4B198903071,CAG994004,,06/30/1997,,11/13/2023,.00075,Minor,B,3,2,4
623 La Peer LLC c/o The Kimpton Hotel & Restaurant Group,"222 Keamy Street 200, San Francisco, CA 94108",La Peer Hotel,"627 North La Peer Drive, West Hollywood, CA 90069",34.08159,-118.38693,"Development Site, NEC",,Los Angeles,4,NPDNONMUNIPRCS,Historical,Enrollee - NPDES,R4-2013-0095,4B198901046,CAG994004,,11/21/2014,09/21/2016,07/06/2018,.432,Minor,,,0,0
"639 La Peer, LLC","659 North Robertson Boulevard, West Hollywood, CA 90069",La Peer,"637-641 North La Peer Drive, West Hollywood, CA 90069",34.08188,-118.38715,"Service/Commercial Site, NEC",,Los Angeles,4,NPDNONMUNIPRCS,Historical,Enrollee - NPDES,R4-2018-0125,4B198903101,CAG994004,,10/25/2021,11/07/2023,11/13/2023,0.144,,,,1,7
6801 Canoga Ave LLC,"101 East Gay Street Unit 531, West Chester, PA 19380",River Pointe at Werner Center,"21401 Vanowen Boulevard, Los Angeles, CA 91303",34.19407,-118.59784,"Residence, NEC",,Los Angeles,4,NPDNONMUNIPRCS,Historical,Enrollee - NPDES,R4-2018-0125,4B198903060,CAG994004,,12/16/2020,11/05/2024,11/13/2023,0.576,Minor,,,1,26
"6th Virgil, LLC","12121 Wilshire Boulevard, Los Angeles, CA 90049",Next on 6th,"2968 West 6th Street, Los Angeles, CA 90020",34.06369,-118.28618,Domestic Site NEC,,Los Angeles,4,NPDNONMUNIPRCS,Historical,Enrollee - NPDES,R4-2013-0095,4B198901079,CAG994004,,05/04/2016,02/21/2020,07/06/2018,.000576,Minor,,,0,0
"7-Eleven, Inc., Dallas","Po Box 711, Dallas, TX 75221-0711",Seven-Eleven Store #23818,"24156 Lake Dr, Crestline, CA 92325",34.243425,-117.274546,Other,,San Bernardino,6V,"NPDESWW, NPDNONMUNIPRCS",Historical,NPDES Permit,95-126,6B369209001,CAG916001,11/09/1995,11/09/1995,,,.0172,Minor,A,3,0,0
"730 Vermont Venture, LLC","718 West Business Highway 60, Dexter, MO 63841",730 Vermont Apartments,"730 South Vermont Avenue, Los Angeles, CA 90005",34.05914,-118.29115,Domestic Site NEC,,Los Angeles,4,NPDMUNIOTH,Active,Enrollee - NPDES,R4-2018-0125,4B198903106,CAG994004,,12/06/2021,,11/13/2023,0.144,Minor,A,1,1,21
76 Products Company,"Po Box 25376, Santa Ana, CA 92799-5376",Former Unocal 254814 Garden Grove,"9011 Westminster Boulevard, Garden Grove, CA 92844",33.75973,-117.97198,Gasoline Service Station,4959,Orange,8,NPDNONMUNIPRCS,Historical,Enrollee,96-018,8 302796001,CAG918001,,02/27/1997,12/02/1998,,.036,,A,3,0,0
777 Industrial Owner LLC,"1160 Battery Street 100, San Francisco, CA 94111",777 Industrial Road,"777 Industrial Road, San Carlos, CA 94070",37.50452,-122.24912,Domestic Site NEC,,San Mateo,2,NPDNONMUNIPRCS,Historical,Enrollee - NPDES,R2-2017-0048,2_41NPG447689,,,04/29/2022,11/03/2022,12/31/2023,,Minor,,,0,0
7771 Beverly LLC,"9220 Winnetka Avenue, Chatsworth, CA 91311",7771 Beverly LLC,"7771 Beverly Boulevard, Los Angeles, CA 90036",,,"Residence, NEC",,Los Angeles,4,NPDNONMUNIPRCS,Active,Enrollee - NPDES,R4-2023-0429,4B198906002,CAG994004,,08/14/2024,,03/21/2029,.432,Minor,A,1,0,0
"7951 Beverly Blvd., LLC","9220 Winnetka Avenue, Chatsworth, CA 91311",303 Hayworth,"303 North Hayworth Avenue, Los Angeles, CA 90048",34.0764,-118.36304,"Residence, NEC",,Los Angeles,4,NPDNONMUNIPRCS,Historical,Enrollee - NPDES,R4-2018-0125,4B198903082,CAG994004,,02/24/2021,02/13/2023,11/13/2023,.288,Minor,,,0,0
"812 Huntley, LLC","100 N Sycamore Avenue 41, Los Angeles, CA 90036",812 Huntley Dr.,"812 Huntley Drive, West Hollywood, CA 90069",34.0853,-118.38039,"Residence, NEC",,Los Angeles,4,NPDNONMUNIPRCS,Historical,Enrollee - NPDES,R4-2013-0095,4B198901152,CAG994004,,09/12/2017,05/31/2019,07/06/2018,.144,Minor,,,0,0
818 Alta Vista LLC,"1811 Hi Point Street, Los Angeles, CA 90035",818 Alta Vista,"818 North Alta Vista Boulevard, Los Angeles, CA 90046",34.08576,-118.34709,Domestic Site NEC,,Los Angeles,4,NPDNONMUNIPRCS,Active,Enrollee - NPDES,R4-2018-0125,449440,,,10/31/2022,,11/13/2023,,Minor,A,1,0,2
8377 Blackburn Owner LLC,"12121 Wilshire Boulevard 801, Los Angeles, CA 90025",8377 Blackburn Ave,"8377-8387 Blackburn Avenue, Los Angeles, CA 90048",34.07226,-118.37279,"Residence, NEC",,Los Angeles,4,NPDNONMUNIPRCS,Historical,Enrollee - NPDES,R4-2018-0125,,,,05/24/2022,04/14/2025,11/13/2023,,Minor,,,0,2
8490 Sunset Boulevard (WH) Owner LLC c/o CIM Group,"4700 Wilshire Boulevard, Los Angeles, CA 90010",Sunset La Cienega Project,"8474-8490 Sunset Boulevard, West Hollywood, CA 90069",34.09412,-118.37601,"Service/Commercial Site, NEC",,Los Angeles,4,NPDNONMUNIPRCS,Historical,Enrollee,R4-2013-0095,4B198901018,CAG994004,,09/30/2013,10/20/2015,07/06/2018,.15,Minor,,,0,0
8500 Burton Way LLC,"101 The Grove Drive, Los Angeles, CA 90036","8500 Burton Way, LLC","8500 Burton Way, Los Angeles, CA 90036",,,Other,,Los Angeles,4,NPDNONMUNIPRCS,Historical,Enrollee,R4-2008-0032,4B198900076,CAG994004,,04/06/2011,08/02/2012,06/05/2013,.144,Minor,,,0,0
8500 Sunset Boulevard (WH) Owner LLC c/o CIM Group,"4700 Wilshire Boulevard, Los Angeles, CA 90010",Sunset La Cienega Project,"8500-8544 Sunset Boulevard, West Hollywood, CA 90028",,,"Residence, NEC",,Los Angeles,4,NPDNONMUNIPRCS,Historical,Enrollee,R4-2013-0095,4B198901026,CAG994004,,02/07/2014,09/24/2015,07/06/2018,.025,Minor,,,0,0
"8500 WH, LLC","6721 Melrose Avenue, Los Angeles, CA 90038",8500 Santa Monica,"8500 Santa Monica Boulevard, West Hollywood, CA 90069",34.08901,-118.37665,"Development Site, NEC",,Los Angeles,4,NPDNONMUNIPRCS,Active,Enrollee - NPDES,R4-2023-0429,4B198906010,CAG994004,,07/01/2024,,03/21/2029,,Minor,,,0,0
852 N Knoll LLC,"3831 Lost Springs Drive, Calabasas, CA 91301",852 NW Knoll Dr,"852 Northwest Knoll Drive, West Hollywood, CA 90069",34.08644,-118.37723,Domestic Site NEC,,Los Angeles,4,NPDNONMUNIPRCS,Historical,Enrollee - NPDES,R4-2018-0125,4B198903147,CAG994004,,01/19/2023,06/18/2025,11/13/2023,.144,Minor,,,1,6
"8525 Pico, LLC","8525 Pico Boulevard, Los Angeles, CA 90035",8525 Pico LLC- Residential Apartment Project,"8525 Pico Boulevard, Los Angeles, CA 90035",34.054722,-118.379722,Other,1522,Los Angeles,4,NPDNONMUNIPRCS,Historical,Enrollee,R4-2008-0032,4B197500272,CAG994004,,12/20/2007,02/02/2010,06/05/2013,.122,Minor,,,0,0
"855 Main Street RWC, LLC",,NPDES General Permit No. CAG912002,"San Francisco Region, CA",,,Domestic Site NEC,,Alameda,2,NPDNONMUNIPRCS,Historical,Enrollee - NPDES,R2-2017-0048,2_41NPG427782,,,12/10/2018,05/08/2020,,,Minor,,,0,0
"855 Main Street RWC, LLC",,851 Main Street,"851 Main Street, Redwood City, CA 94063",37.48892,-122.22711,Domestic Site NEC,,San Mateo,2,NPDNONMUNIPRCS,Historical,Enrollee - NPDES,R2-2017-0048,2_41NPG427782,,,12/10/2018,05/08/2020,,,Minor,,,0,0
"8570 National Owner, LLC","2341 Michigan Avenue, Santa Monica, CA 90404",National Job Site,"8570 national Boulevard, Culver City, CA 90232",34.02698,-118.38187,"Development Site, NEC",,Los Angeles,4,NPDNONMUNIPRCS,Active,Enrollee - NPDES,R4-2023-0429,4B198906001,CAG994004,,07/22/2024,,03/21/2028,,Minor,,,0,0
"8600 Wilshire Blvd., LLC","11766 Wilshire Boulevard 1150, Los Angeles, CA 90025",8600 Wilshire,"8600 Wilshire Boulevard, Beverly Hills, CA 90211",34.06618,-118.37918,"Residence, NEC",,Los Angeles,4,NPDNONMUNIPRCS,Historical,Enrollee - NPDES,R4-2013-0095,4B198901086,CAG994004,,06/13/2016,04/18/2018,07/06/2018,.108,Minor,,,0,0
"8728 Ashcroft, LLC","606 South Olive Street 2140, Los Angeles, CA 90014",8728 Ashcroft,"8728 Ashcroft Avenue, West Hollywood, CA 90048",34.0788,-118.3828,"Residence, NEC",1521,Los Angeles,4,NPDNONMUNIPRCS,Historical,Enrollee - NPDES,R4-2018-0125,4B198903019,CAG994004,,05/21/2019,05/04/2021,11/13/2023,.144,Minor,,,0,3
"8767 Wilshire Boulevard, LP","99 North La Cienega Boulevard 300, Beverly Hills, CA 90211",8767 Wilshire Blvd Office Bldg,"8767 Wilshire Boulevard, Beverly Hills, CA 90211",34.068333,-118.345278,Domestic Site NEC,6512,Los Angeles,4,NPDNONMUNIPRCS,Active,Enrollee - NPDES,R4-2023-0429,4B197500227,CAG994004,,06/14/2007,,03/21/2029,.075,Minor,,,0,2
"8833 Cynthia St, LLC","360 North Pacific Coast Highway Suite 2000, El Segundo, CA 90245",8833 Cynthia,"8833 Cynthia Street, West Hollywood, CA 90069",34.08731,-118.38408,"Residence, NEC",1522,Los Angeles,4,NPDNONMUNIPRCS,Active,Enrollee - NPDES,R4-2013-0095,4B198900032,CAG994004,,06/18/2009,,07/06/2018,.01,Minor,,,2,15
"8920 Sunset Boulevard, LLC","11661 San Vicente Boulevard 220, Los Angeles, CA 90049","8920 Sunset Boulevard, LLC","8920 West Sunset Boulevard, West Hollywood, CA 90069",34.09037,-118.38641,"Development Site, NEC",,Los Angeles,4,NPDNONMUNIPRCS,Historical,Enrollee - NPDES,R4-2018-0125,4B198903053,CAG994004,,01/31/2020,11/05/2024,11/13/2023,.144,Minor,,,0,5
"904 North LA Brea (LA) Owner, LLC","4700 Wilshire Boulevard, Los Angeles, CA 90010",900 La Brea,"7077 Willoughby Avenue, Los Angeles, CA 90046",34.08707,-118.34345,"Residence, NEC",1522,Los Angeles,4,NPDNONMUNIPRCS,Historical,Enrollee - NPDES,R4-2013-0095,4B198901139,CAG994004,,04/12/2017,05/17/2019,07/06/2018,.288,Minor,,,0,0
9040 Sunset LLC c/o Witkoff Group,"40 West 57th Street, New York, NY 10019",WEHO Edition Project,"9040 Sunset Boulevard, West Hollywood, CA 90069",34.09036,-118.38912,"Residence, NEC",6513,Los Angeles,4,NPDNONMUNIPRCS,Historical,Enrollee - NPDES,R4-2013-0095,4B198901081,CAG994004,,04/15/2016,10/31/2016,07/06/2018,.025,Minor,,,0,0
907 Shenandoah Inv. LLC,"560 South Los Angeles Street 4, Los Angeles, CA 90013",Shenandoa Luxury Apartments,"907 South Shenandoah Street, Los Angeles, CA 90025",34.06064,-118.38167,"Residence, NEC",1522,Los Angeles,4,NPDNONMUNIPRCS,Historical,Enrollee - NPDES,R4-2013-0095,4B198901042,CAG994004,,10/01/2014,04/19/2017,07/06/2018,.06,Minor,,,0,0
"920 Bayswater Venture, LLC","923 Bayswater Avenue, Burlingame, CA 94010-3003",920 Bayswater Avenue,"920 Bayswater Avenue, Burlingame, CA 94010",37.58874,-122.35833,Domestic Site NEC,,San Mateo,2,NPDNONMUNIPRCS,Historical,Enrollee - NPDES,R2-2017-0048,2_41NPG435586,,,10/24/2019,07/09/2021,,0.576,Minor,,,0,0
"953 N. Sycamore (LA), LLC","1055 Wilshire Boulevard 1000, Los Angeles, CA 90017",953 North Sycamore Project,"953 North Sycamore Avenue, Los Angeles, CA 90038",34.08867,-118.34312,"Development Site, NEC",,Los Angeles,4,NPDNONMUNIPRCS,Historical,Enrollee - NPDES,R4-2013-0095,4B198901123,CAG994004,,10/31/2016,07/06/2018,07/06/2018,.228,Minor,,,0,0
960 North Doheny Homeowners Association,"960 N Doheny Drive, West Hollywood, CA 90069",960 Doheny Condominium,"960 North Doheny Drive, West Hollywood, CA 90069",34.088873,-118.389772,"Residence, NEC",1522,Los Angeles,4,NPDNONMUNIPRCS,Active,Enrollee - NPDES,R4-2023-0429,4B196100003,CAG994004,,06/30/1999,,03/21/2029,.004,Minor,B,3,1,21
"961 La Cienega, LLC","6721 Melrose, Los Angeles, CA 90038",8500 Santa Monica,"961 La Cienega Boulevard, Los Angeles, CA 90069",34.08859,-118.37678,"Development Site, NEC",,Los Angeles,4,NPDNONMUNIPRCS,Active,Enrollee - NPDES,R4-2023-0429,4B198906009,CAG994004,,07/22/2024,,03/21/2029,.216,Minor,,1,0,2
"9735 Washington Owner, LLC","1901 Avenue Of The Stars 1465, Los Angeles, CA 90067",9735 Washington Blvd,"9735 Washington Boulevard, Culver City, CA 90232",34.02257,-118.39655,Domestic Site NEC,,Los Angeles,4,NPDNONMUNIPRCS,Historical,Enrollee - NPDES,R4-2018-0125,4B198903033,CAG994004,,09/18/2019,02/24/2021,11/13/2023,.144,Minor,,,0,2
99 North La Cienega LP,"250 North Robertson Boulevard 421, Beverly Hills, CA 90211",La Cienega Center,"99 North La Cienega Boulevard, Beverly Hills, CA 90211",34.066656,-118.376277,Domestic Site NEC,1542,Los Angeles,4,NPDNONMUNIPRCS,Active,Enrollee - NPDES,R4-2023-0429,4B196100025,CAG994004,,09/04/1998,,03/21/2029,.15,Minor,B,3,0,3
9908 Santa Monica Blvd. LLC,"645 South Madison, 21st Fl, New York, NY 10022",9908 Santa Monica Blvd,"9900-9916 South Santa Monica Boulevard, Beverly Hills, CA 90212",34.06608,-118.41182,Domestic Site NEC,,Los Angeles,4,NPDNONMUNIPRCS,Historical,Enrollee - NPDES,R4-2018-0125,4B198903110,CAG994004,,03/02/2022,05/05/2025,11/13/2023,.144,Minor,,,0,4
999 Arques Corporation,"1610 Skyhawk Road, Escondido, CA 92029","999 Arques, New England Mutual","999 Arques, Sunnyvale, CA 94088",37.375,-122,Groundwater Cleanup Site,3674(+),Santa Clara,2,NPDNONMUNIPRCS,Historical,NPDES Permit,94-12107,2 438285003,CAG912003,09/21/1994,09/21/1994,,,.072,"Major, Minor",B,2,0,0
A B Dick Company,"5700 West Touhy Avenue, Chicago, IL 60648","GW Cleanup-C.M.,Cadillack","3598 Cadillack Avenue, Costa Mesa, CA 92708",,,Other,4959,Orange,8,NPDNONMUNIPRCS,Historical,Enrollee,91-063,8 302716001,CAG918001,,12/04/1991,10/01/1996,,.0001,,A,3,0,0
A L Gilbert Company,"Po Box 38, Oakdale, CA 95361-0038",A L Gilbert Co High Speed Rail Receiving System Project,"4431 Jessup Road, Ceres, CA 95307",37.55195,-120.91373,Other,,Stanislaus,5S,NPDNONMUNIPRCS,Historical,Enrollee,5-00-175,5B50NP00020,CAG995001,,09/27/2006,02/01/2007,,,Minor,C,3,0,0
A&B Investments,"Po Box 7031, Downey, CA 90241","GW Cleanup-Westmin.,Westmin","9002 Westminister, Westminster, CA 92683",33.759432,-117.972268,Other,4959,Orange,8,"NPDESWW, NPDNONMUNIPRCS",Historical,NPDES Permit,88-020,8 302535001,CAG918001,03/11/1988,03/11/1988,,03/01/1993,.002,Minor,A,3,0,0
A&D Compserv,"2721 West Edinger Avenue, Santa Ana, CA 92704","GW Cleanup-S.A.,Edinger Ave","2721 Edinger, Santa Ana, CA 92704",33.72729,-117.906056,Other,5541,Orange,8,NPDNONMUNIPRCS,Historical,Enrollee,R8-2002-0007,8 303427001,CAG918001,,05/13/2003,10/19/2005,,,,B,2,0,0
AA CA Property Portfolio 2 LLC,"1100 Hope Street 103, Los Angeles, CA 90015",718 North Hudson Avenue,"718 North Hudson Avenue, Los Angeles, CA 90038",34.08408,-118.33183,"Residence, NEC",,Los Angeles,4,NPDNONMUNIPRCS,Historical,Enrollee - NPDES,R4-2018-0125,4B198903023,CAG994004,,06/21/2019,07/19/2021,11/13/2023,.144,Minor,,,0,2
"AAF-McQuay, Inc","13600 Industrial Park Boulevard, Minneapolis, MN 55441",Visalia Cleanup-Snyder General,"6941 W Goshen, Visalia, CA 93291",36.34094,-119.37005,Groundwater Cleanup Site,3496,Tulare,5F,NPDNONMUNIPRCS,Historical,NPDES Permit,R5-2005-0059,5D542001002,CA0082511,04/29/2005,05/09/2005,05/26/2010,04/28/2010,2.88,Minor,B,2,0,0
"ABP 850 Coast, LLC","820 2nd Street, Encinitas, CA 92024","GW Extraction, ABP 850 Coast, LLC","850 South Coast 101 Highway, Encinitas, CA 92024",33.041722,-117.297306,Domestic Site NEC,,San Diego,9,NPDNONMUNIPRCS,Historical,Enrollee - NPDES,R9-2015-0013,,,,03/25/2016,09/28/2017,03/25/2017,0.1440,Minor,,,0,0
AC Label Company,"47690 Westinghouse Drive, Fremont, CA 94539",A C Label/Berryman PRD,"350 Montgomery, San Jose, CA 95110",37.336269,-121.904327,Groundwater Cleanup Site,2752,Santa Clara,2,NPDNONMUNIPRCS,Historical,NPDES Permit,97-00801,2 438235002,CAG912003,01/15/1997,01/15/1997,,,.001,"Major, Minor",B,2,0,0
AC Products Inc,"9930 Painter Avenue, Whittier, CA 90605",GW Cleanup-Anaheim-AC Product P-2,"1601 Placentia, Anaheim, CA 92806",33.85613,-117.88415,Manufacturing NEC,2851,Orange,8,NPDNONMUNIPRCS,Active,Enrollee - NPDES,R8-2012-0027,8 303423001,CAG918001,,09/23/2002,,07/01/2017,,,A,3,0,0
AC Products Inc,"9930 Painter Avenue, Whittier, CA 90605","GW Cleanup-Placentia,La Jolla P1","1601 North La Jolla Street, Placentia, CA 92870",33.859171,-117.870577,"Service/Commercial Site, NEC",4959,Orange,8,NPDNONMUNIPRCS,Historical,Enrollee,96-018,8 302814001,CAG918001,,12/10/1996,05/02/2007,07/01/2017,.1728,Minor,B,3,0,0
"AC/S Environmental Security, MCB Camp Pendleton","Po Box 555151, Camp Pendleton, CA 92055-5151",Airfield Comm & Elec Upgrd Dew,"Camp Pendelon, Oceanside, CA 92049",,,Other,1623,San Diego,9,NPDNONMUNIPRCS,Historical,Enrollee,96-041,9 000000847,CAG919002,,10/07/1997,06/12/2001,,.3,,A,3,0,0
"AC/S Environmental Security, MCB Camp Pendleton","Po Box 555151, Camp Pendleton, CA 92055-5151",MCAS Mals Additions &Util Dewa,"Camp Pendleton, Oceanside, CA 92049",,,Other,1623,San Diego,9,NPDNONMUNIPRCS,Historical,Enrollee,96-041,9 000000831,CAG919002,,06/19/1997,06/12/2001,,.72,,A,3,0,0
"AC/S Environmental Security, MCB Camp Pendleton","Po Box 555151, Camp Pendleton, CA 92055-5151",MCAS Fuel Farm UST Rem Dew,"Box 555151 Bldg 23123, Camp Pendleton, CA 92055",,,Other,1623,San Diego,9,NPDNONMUNIPRCS,Historical,Enrollee,96-041,9 000000888,CAG919002,,07/31/1999,03/01/2001,,0,,A,3,0,0
"AC/S Environmental Security, MCB Camp Pendleton","Po Box 555151, Camp Pendleton, CA 92055-5151",MCAS Double Hangr ADDTNS Dew,"Camp Pendelton, Oceanside, CA 92049",,,Other,1623,San Diego,9,NPDNONMUNIPRCS,Historical,Enrollee,96-041,9 000000835,CAG919002,,07/11/1997,06/12/2001,,.12,,A,3,0,0
"AC/S Environmental Security, MCB Camp Pendleton","Po Box 555151, Camp Pendleton, CA 92055-5151",Emergency Spill Cntrl Dewater,"Mcas (P-053), Oceanside, CA 92049",,,Other,1623,San Diego,9,NPDNONMUNIPRCS,Historical,Enrollee,96-041,9 000000860,CAG919002,,08/24/1998,06/12/2001,,1,,A,3,0,0
"AC/S Environmental Security, MCB Camp Pendleton","Po Box 555151, Camp Pendleton, CA 92055-5151",Basilone Rd/Smriv Fld Cntl Dew,"Basilone, Camp Pendleton, CA",,,Other,1623,San Diego,9,NPDNONMUNIPRCS,Historical,Enrollee,96-041,9 000000868,CAG919002,,08/27/1998,03/01/2001,,.5,,A,3,0,0
ACI Distrution,"750 Walsh Avenue, Santa Clara, CA 95050","750 Walsh, ACI Distribution","750 Walsh, Santa Clara, CA 95050",37.370021,-121.948096,Other,5541,Santa Clara,2,NPDNONMUNIPRCS,Historical,Enrollee,01-100,2 438467002,CAG912002,,05/19/1993,09/10/2002,,.00576,Minor,A,2,0,0
AECOM,"999 Town & Country Road, Orange, CA 92868","Dewatering,Municipal Water Pipeline","Randall Avenue, Colton (And Rialto), CA",,,Utility Structure,,San Bernardino,8,NPDNONMUNIPRCS,Historical,Enrollee - NPDES,R8-2015-0004,8 363003001,,,06/23/2020,09/30/2020,06/30/2020,,Minor,,,0,0
AERC Desmonds Towers LLC,"2 Venture, Irvine, CA 92618",Desmond Wilshire Project,"5520 West Wilshire Boulevard, Los Angeles, CA 90036",34.06226,-118.34884,"Development Site, NEC",,Los Angeles,4,NPDNONMUNIPRCS,Historical,Enrollee - NPDES,R4-2013-0095,4B198901001,CAG994004,,07/12/2013,06/28/2017,07/06/2018,.036,Minor,,,0,0
"AES Alamitos Energy, LLC","690 North Studebaker Road, Long Beach, CA 90803",AES Alamitos Energy Center,"690 North Studebaker Road, Long Beach, CA 90803",33.76921,-118.10176,Power Plant,4911,Los Angeles,4,NPDNONMUNIPRCS,Historical,Enrollee - NPDES,R4-2018-0125,4B198901149,CAG994004,,08/08/2017,06/26/2019,11/13/2023,.72,Minor,,,0,0
AES Alamitos LLC,"690 North Studebaker Road, Long Beach, CA 90803",Alamitos Generating Station,"690 North Studebaker Road, Long Beach, CA 90803",33.76592,-118.10366,Power Plant,4911,Los Angeles,4,NPDINDLRG,Active,NPDES Permit,R4-2020-0134,4B192111006,CA0001139,11/12/2020,01/01/2021,,12/31/2025,729,Major,A,1,3,27
AES Construction Group,"8100 Balboa Place, Van Nuys, CA 91406","GW Cleanup-Orange,Cardinal","11790 Cardinal, Orange, CA 92843",33.76533,-117.923057,Other,4959,Orange,8,NPDNONMUNIPRCS,Historical,Enrollee,96-018,8 303287001,CAG918001,,03/17/2000,07/06/2000,,.1,,A,3,0,0
AES Huntington Beach LLC,"21730 Newland Way, Huntington Beach, CA 92646",Huntington Beach Generating Station,"21730 Newland Street, Huntington Beach, CA 92646",33.646805,-117.979596,Power Plant,4911,Orange,8,"NPDESWW, NPDINDLRG, NPDNONMUNIPRCS",Active,NPDES Permit,R8-2020-0040,8 302015004,CA0001163,12/04/2020,01/01/2021,,12/31/2025,127,Major,A,1,0,48
AES Redondo Beach LLC,"1100 North Harbor Drive, Redondo Beach, CA 90277",Redondo Generating Station,"1100 North Harbor Drive, Redondo Beach, CA 90277",33.850955,-118.396523,Power Plant,4911,Los Angeles,4,NPDINDLRG,Historical,NPDES Permit,R4-2016-0222,4B192111003,CA0001201,06/09/2016,10/01/2016,07/24/2025,09/30/2021,889,Major,A,1,4,24
AG Spanos Company,"10100 Trinity Park Way 5, Stockton, CA 95219",Spanos Park West Project DW,"Eight Mile Rd/ West of I-5, Stockton, CA 95207",,,Other,1799,San Joaquin,5S,NPDNONMUNIPRCS,Historical,Enrollee,5-00-175,5B39NP00002,CAG995001,,05/15/2001,04/17/2007,06/01/2005,.25,Minor,C,3,0,0
AGCX Trust,"6 Sixpence, Coronado, CA 92118","Gonzalez-Rubio Residence, 8 the Point","8 the Point, Coronado, CA 92118",,,Domestic Site NEC,,San Diego,9,NPDNONMUNIPRCS,Historical,Enrollee,R9-2007-0034,9 000002536,CAG919001,12/21/2012,12/21/2012,01/31/2014,,1.152,Minor,C,3,0,0
AIMCO,"26 Executive Park 125, Irvine, CA 92614",Villas at Park La Brea,"530 Burnside, Los Angeles, CA 90036",34.06581,-118.350103,Other,1542,Los Angeles,4,NPDNONMUNIPRCS,Historical,Enrollee,97-045,4B196000081,CAG994001,,04/08/1993,10/05/2004,,.072,,C,3,0,0
ALDG Corporation,"899 North 13th Street, San Jose, CA 95112","ALDG Corporation - 899 No 13th Street, SJ","899 North 13th Street, San Jose, CA 95112",37.322222,Error,Other,,Santa Clara,2,NPDNONMUNIPRCS,Historical,Enrollee,R2-2006-0075,,CAG912002,11/13/2006,01/12/2007,12/04/2007,01/12/2012,,Minor,,,0,0
AMC Long Beach Shipyard,,Long Beach Naval Shipyard,"South of Seaside Boulevard, Terminal Island, CA 90744",33.4517,-118.1344,Other,3731,Los Angeles,4,NPDESWW,Historical,NPDES Permit,00-07603,4B190703001,CA0003786,06/29/2000,06/29/2000,06/30/2000,06/29/2000,6.2,Major,A,3,0,0
AOCLSC INC. DBA AOCUSA,"8015 Paramount Boulevard, Pico Rivera, CA 90660",AOCLSC INC. DBA AOCUSA,"8015 Paramount Boulevard, Pico Rivera, CA 90660",33.971827,-118.11329,Manufacturing NEC,2992,Los Angeles,4,NPDNONMUNIPRCS,Active,NPDES Permit,R4-2017-0190,4B192127001,CA0059013,10/05/2017,12/01/2017,,11/30/2022,.258,Minor,B,3,0,3
API Emeryville Parkside LLC,"807 Broadway 210, Oakland, CA 94607",Archstone Emeryville Parkside,"1333 Powell Street, Emeryville, CA 94608",,,"Development Site, NEC",,Alameda,2,NPDNONMUNIPRCS,Historical,Enrollee,R2-2012-0012,2 019482001,CAG912002,02/08/2012,04/11/2012,08/13/2012,03/15/2017,,Minor,B,2,0,0
APW Zero Cases,,Zero Corp.- Zero West Division,"777 Front, Burbank, CA 91502",34.183878,-118.318041,Other,,Los Angeles,4,NPDNONMUNIPRCS,Historical,Enrollee,97-045,4B196000531,CAG994001,,07/19/1994,07/23/2002,,0,,C,3,0,0
ARB Construction Company,"26000 Commerce Centre Drive, Lake Forest, CA 92630-8816",Capistrano Desalter-Hydro,"San Juan Capistrano, CA",,,Other,,Orange,9,NPDNONMUNIPRCS,Historical,Enrollee,R9-2002-0020,9 000001140,CAG679001,,08/29/2003,06/23/2005,10/31/2015,0,,C,3,0,0
ARB Inc,"14521 South Broadway, Blythe, CA 92225",Blythe Energy LLC,"P.O. Box 1210, Blythe, CA 92225",,,Other,4612(+),Riverside,7,NPDNONMUNIPRCS,Historical,Enrollee,98-300,7B335555015,CAG677001,,05/14/1998,07/22/2002,,0,,C,3,0,0
ARB Inc,"26000 Commerce Centre Drive, Lake Forest, CA 92630",Port of Long Beach Pier D and T Waterline Relocation,"1200 West Pier D, Long Beach, CA 90802",33.770089,-118.213144,Other,,Los Angeles,4,NPDNONMUNIPRCS,Historical,Enrollee,R4-2004-0109,4B198000021,CAG674001,,03/14/2007,03/13/2008,07/01/2009,.180,Minor,,,0,0
ARCO E&F Arco Station,"818 South Shenandoah Street, Los Angeles, CA 90035",E & F Arco Gas Station,"15922 Inglewood Avenue, Lawndale, CA 90260",33.886177,-118.361351,"Service/Commercial Site, NEC",5541,Los Angeles,4,"NPDNONMUNIPRCS, WDRNONMUNIPRCS",Historical,Enrollee,R4-2007-0019,4B198600003,,,03/19/2007,08/19/2011,12/31/2012,,,A,3,0,0
ARCO Hamid Farsai Arco Station,"6002 Bolsa Avenue, Huntington Beach, CA 92648",GW Cleanup-H.B. Bolsa Ave,CA,,,Other,5541,Orange,8,NPDNONMUNIPRCS,Historical,Enrollee,R8-2002-0007,8 303392001,CAG918001,,03/28/2002,06/17/2004,,.01,,B,2,0,0
ARCO Petroleum Products Company Aliso Viejo,"27141 Aliso Creek Road 270, Aliso Viejo, CA 92656-5305",ARCO Service Station #1908,"16251 D St, Victorville, CA 92392",,,Other,5541,San Bernardino,6V,"NPDESWW, NPDNONMUNIPRCS",Historical,WDR,90-051,6B369003002,,08/09/1990,08/09/1990,,08/09/1995,.086,,A,3,0,0
ARCO Petroleum Products Company Artesia,"Po Box 6411, Artesia, CA 90702-6411",ARCO SS#0068 Remed,"8001 Broadway, Lemon Grove, CA 91945",32.742825,-117.026265,Other,5541,San Diego,9,NPDNONMUNIPRCS,Historical,Enrollee,96-041,9 000000713,CAG919002,,11/29/1995,06/12/2001,,0,,A,3,0,0
ARCO Petroleum Products Company Artesia,"Po Box 6411, Artesia, CA 90702-6411",ARCO SS#5231 Remed,"1100 E Main St, El Cajon, CA",,,Other,5541,San Diego,9,NPDNONMUNIPRCS,Historical,Enrollee,96-041,9 000000621,CAG919002,,04/01/1994,06/12/2001,,0,,A,3,0,0
ARCO Petroleum Products Company Artesia,"Po Box 6411, Artesia, CA 90702-6411",ARCO SS#1939 Remed,"7654 El Camino Real, Carlsbad, CA 92009",33.087165,-117.268847,Other,5541,San Diego,9,NPDNONMUNIPRCS,Historical,Enrollee,96-041,9 000000703,CAG919002,,10/05/1995,06/12/2001,,0,,A,3,0,0
ARCO Petroleum Products Company Artesia,"Po Box 6411, Artesia, CA 90702-6411",ARCO SS#1754 Remed,"300 W Washington Blvd, Escondido, CA",,,Other,5541,San Diego,9,NPDNONMUNIPRCS,Historical,Enrollee,96-041,9 000000709,CAG919002,,10/05/1995,06/12/2001,,0,,A,3,0,0
ARCO Petroleum Products Company Carson,"1801 East Sepulveda Boulevard, Carson, CA 90749",16804 Downey Ave.,"16804 Downey Avenue, Paramount, CA 90723",33.881853,-118.151342,Other,5541,Los Angeles,4,NPDNONMUNIPRCS,Historical,NPDES Permit,91-048,4B192208004,CA0059731,04/22/1991,04/22/1991,04/02/2003,04/10/1996,.144,Minor,A,3,0,0
ARCO Petroleum Products Company Carson,"1801 East Sepulveda Boulevard, Carson, CA 90749",Station 210,"4000 Redondo Beach Boulevard, Torrance, CA 90504",33.876889,-118.344197,Gasoline Service Station,5541,Los Angeles,4,NPDNONMUNIPRCS,Historical,Enrollee,97-046,4B196600007,CAG834001,,03/31/1994,01/24/2000,,.005,,B,2,0,0
ARCO Petroleum Products Company Carson,"1801 East Sepulveda Boulevard, Carson, CA 90749",Vinvale Terminal,"8601 South Garfield Avenue, South Gate, CA 90280",33.951967,-118.164432,Other,5171,Los Angeles,4,NPDNONMUNIPRCS,Historical,Enrollee,97-047,4B196300093,CAG674001,,11/17/1998,12/23/1999,,.132,,C,3,0,0
ARCO Petroleum Products Company Carson,"1801 East Sepulveda Boulevard, Carson, CA 90749",Former Arco#1361,"6739 West Olympic Boulevard, Los Angeles, CA 90048",34.059483,-118.375826,Other,5541,Los Angeles,4,"NPDESWW, NPDNONMUNIPRCS, WDRNONMUNIPRCS",Historical,Enrollee,97-046,4B196600120,CAG834001,,06/30/1998,06/09/2000,,.0216,Minor,B,2,0,0
ARCO Petroleum Products Company Carson,"1801 East Sepulveda Boulevard, Carson, CA 90749",Tesoro Los Angeles Refinery - Carson Operations,"2350 East 223rd Street, Carson, CA 90745",33.82235,-118.23218,Petroleum Refinery,2911(+),Los Angeles,4,NPDNONMUNIPRCS,Historical,Enrollee,97-047,4B196300083,CAG674001,,08/05/1998,09/29/1999,,2.88,,C,3,1,3
ARCO Petroleum Products Company Carson,"1801 East Sepulveda Boulevard, Carson, CA 90749",Arco Station #5206,"12525 Hadley, Whittier, CA 90601",33.982745,-118.042902,Other,554,Los Angeles,4,NPDNONMUNIPRCS,Historical,Enrollee,97-046,4B196600026,CAG834001,,12/10/1993,02/04/1998,,.001,,B,2,0,0
ARCO Petroleum Products Company Carson,"1801 East Sepulveda Boulevard, Carson, CA 90749",Arco Station #5028,"124 Pacific Coast, Long Beach, CA 90806",33.789848,-118.193078,Other,5541,Los Angeles,4,NPDESWW,Historical,NPDES Permit,91-082,4B192208012,CA0062405,07/22/1991,07/22/1991,11/02/1997,06/10/1996,.0324,Minor,B,3,0,0
ARCO Petroleum Products Company Carson,"1801 East Sepulveda Boulevard, Carson, CA 90749",Arco Station #1691,"740 Rosecrans, Compton, CA 90222",33.903272,-118.236965,Other,5541,Los Angeles,4,NPDESWW,Historical,NPDES Permit,92-002,4B192208013,CA0062286,01/27/1992,01/27/1992,11/02/1997,12/10/1996,.0216,Minor,B,3,0,0
ARCO Petroleum Products Company Carson,"1801 East Sepulveda Boulevard, Carson, CA 90749",Arco Station #1618,"5304 Paramount, Lakewood, CA 90712",33.853903,-118.159788,Other,7997,Los Angeles,4,NPDNONMUNIPRCS,Historical,Enrollee,97-046,4B196600049,CAG834001,,04/28/1995,08/25/1997,,.0216,,B,2,0,0
ARCO Petroleum Products Company Carson,"1801 East Sepulveda Boulevard, Carson, CA 90749",Arco Station #1090,"14000 Lambert Road, Whittier, CA 90602",33.63278,-118.07639,Other,5531,Los Angeles,4,NPDNONMUNIPRCS,Historical,Enrollee,97-046,4B196600037,CAG834001,,06/10/1994,02/24/2000,,.014,Minor,B,2,0,0
ARCO Petroleum Products Company Carson,"1801 East Sepulveda Boulevard, Carson, CA 90749",Arco Station #1057,"6100 Franklin, Los Angeles, CA 90601",,,"Service/Commercial Site, NEC",7997,Los Angeles,4,NPDNONMUNIPRCS,Historical,Enrollee,R4-2002-0125,4B196600014,CAG834001,,05/15/2003,08/09/2005,07/11/2007,.072,Minor,B,2,0,0
ARCO Petroleum Products Company Carson,"1801 East Sepulveda Boulevard, Carson, CA 90749",Station 1235,"1800 Artesia Boulevard, Torrance, CA 90248",,,Gasoline Service Station,5541,Los Angeles,4,NPDNONMUNIPRCS,Historical,NPDES Permit,94-061,4B192208017,CA0063291,07/18/1994,07/18/1994,08/24/1997,07/10/1999,.015,Minor,B,3,0,0
ARCO Petroleum Products Company La Palma,"4 Centerpointe Drive, La Palma, CA 90623-1066",ARCO SS #0447 - Dana Point,"34342 Pacific Coast, Dana Point, CA 92629",33.464678,-117.68583,Other,5541,Orange,9,NPDNONMUNIPRCS,Historical,Enrollee,01-096,9 000000944,CAG919002,,06/13/1996,10/09/2001,,.5,,A,3,0,0
ARCO Petroleum Products Company La Palma,"4 Centerpointe Drive, La Palma, CA 90623-1066",Former Unocal Station No. 5865,"4410 Imperial Highway, Inglewood, CA 90304",33.93089,-118.35316,"Service/Commercial Site, NEC",5541,Los Angeles,4,"NPDNONMUNIPRCS, WDRNONMUNIPRCS",Historical,Enrollee - WDR,R4-2005-0030,4B198300022,,,07/18/2005,12/30/2008,05/04/2010,,Minor,A,3,0,0
ARCO Petroleum Products Company La Palma,"4 Centerpointe Drive, La Palma, CA 90623-1066","GW Cleanup-Westmin.,Westmin","6982 Westminster, Westminster, CA 92683",33.759117,-118.007382,Other,4959,Orange,8,NPDESWW,Historical,NPDES Permit,90-042,8 302642001,CA8000177,05/11/1990,05/11/1990,,05/01/1995,.0108,Minor,B,2,0,0
ARCO Petroleum Products Company La Palma,"4 Centerpointe Drive, La Palma, CA 90623-1066","GW Cleanup-Westmin.,Golden Wes","13142 Goldenwest, Westminster, CA 92683",33.77167,-118.00722,Other,4959,Orange,8,NPDNONMUNIPRCS,Historical,Enrollee,96-018,8 303360001,CAG918001,,05/24/2001,01/22/2002,,.014,,A,3,0,0
ARCO Petroleum Products Company La Palma,"4 Centerpointe Drive, La Palma, CA 90623-1066",Former Arco Station #1064,"14511 Brookhurst, Westminster, CA 92683",33.752128,-117.955016,Gasoline Service Station,5541(+),Orange,8,NPDESWW,Historical,NPDES Permit,91-011,8 302675001,CA8000201,02/08/1991,02/08/1991,,02/01/1996,.0001,Minor,B,2,0,0
ARCO Petroleum Products Company La Palma,"4 Centerpointe Drive, La Palma, CA 90623-1066","GW Cleanup-Tustin,Newport Ave.","14244 Newport, Tustin, CA 92680",,,Other,4959,Orange,8,"NPDESWW, NPDNONMUNIPRCS",Historical,NPDES Permit,86-152,8 302512001,CA8000067,10/10/1986,10/10/1986,,10/01/1991,.01,Minor,B,2,0,0
ARCO Petroleum Products Company La Palma,"4 Centerpointe Drive, La Palma, CA 90623-1066","GW Cleanup-Seal Beach,S.B. Blv","12800 Seal Beach, Seal Beach, CA 90740",33.777888,-118.072106,Other,4959,Orange,8,NPDNONMUNIPRCS,Historical,Enrollee,96-018,8 302731001,CAG918001,,12/11/1991,12/06/1996,,.0144,,A,3,0,0
ARCO Petroleum Products Company La Palma,"4 Centerpointe Drive, La Palma, CA 90623-1066","GW Cleanup-S.A.,Main,#6071","3414 Main, Santa Ana, CA",,,Other,4959,Orange,8,"NPDESWW, NPDNONMUNIPRCS",Historical,NPDES Permit,90-043,8 302643001,CA8000178,06/08/1990,06/08/1990,,06/01/1995,.0108,Minor,B,2,0,0
ARCO Petroleum Products Company La Palma,"4 Centerpointe Drive, La Palma, CA 90623-1066","GW Cleanup-S.A.,Main #5147","2245 Main, Santa Ana, CA 92707",33.716599,-117.86793,Other,4959,Orange,8,NPDNONMUNIPRCS,Historical,Enrollee,96-018,8 302751001,CAG918001,,10/01/1992,04/22/1997,,.01,,A,3,0,0
ARCO Petroleum Products Company La Palma,"4 Centerpointe Drive, La Palma, CA 90623-1066",ARCO Station #3085,"3361 Bristol, Santa Ana, CA 92704",33.701464,-117.885409,Other,5541,Orange,8,NPDNONMUNIPRCS,Historical,Enrollee,R8-2002-0007,8 303419001,CAG918001,,04/03/2003,05/25/2006,01/01/2007,,,B,2,0,0
ARCO Petroleum Products Company La Palma,"4 Centerpointe Drive, La Palma, CA 90623-1066","GW Cleanup-Irvine,Culver #3091","14493 Culver, Irvine, CA 92656",,,Other,4959,Orange,8,NPDNONMUNIPRCS,Historical,Enrollee,96-018,8 302779001,CAG918001,,06/22/1993,01/06/1997,,.0015,,A,3,0,0
ARCO Petroleum Products Company La Palma,"4 Centerpointe Drive, La Palma, CA 90623-1066","GW Cleanup-H.B.,Warner Ave.","5981 Warner, Huntington Beach, CA 92648",,,Other,4959,Orange,8,NPDNONMUNIPRCS,Historical,Enrollee,R8-2002-0007,8 302742001,CAG918001,,12/31/1996,08/11/2005,,.008,,A,2,0,0
ARCO Petroleum Products Company La Palma,"4 Centerpointe Drive, La Palma, CA 90623-1066","GW Cleanup-H.B.,Bolsa Chica","16502 Bolsa Chica, Huntington Beach, CA",,,"Service/Commercial Site, NEC",4959,Orange,8,NPDNONMUNIPRCS,Historical,Enrollee,R8-2007-0008,8 303370001,CAG918001,,07/12/2001,07/19/2012,02/01/2012,.01,Minor,A,2,0,0
ARCO Petroleum Products Company La Palma,"4 Centerpointe Drive, La Palma, CA 90623-1066","GW Cleanup-H.B.,Beach Blvd","16742 Beach, Huntington Beach, CA 92647",33.719732,-117.989062,"Service/Commercial Site, NEC",4959,Orange,8,NPDNONMUNIPRCS,Historical,Enrollee,R8-2007-0008,8 303012001,CAG918001,,11/08/1996,01/04/2010,02/01/2012,.01,,A,2,0,0
ARCO Petroleum Products Company La Palma,"4 Centerpointe Drive, La Palma, CA 90623-1066","GW Cleanup-H.B., Brookhurst","21452 Brookhurst, Huntington Beach, CA",,,Other,5541,Orange,8,NPDNONMUNIPRCS,Historical,Enrollee,R8-2002-0007,8 303406001,CAG918001,,03/05/2003,12/03/2003,,,,B,2,0,0
ARCO Petroleum Products Company La Palma,"4 Centerpointe Drive, La Palma, CA 90623-1066",Circle K Store 2211104 (Former Mobil 18-B4W),"12422 Valley View Street, Garden Grove, CA 92845",33.78205,-118.02897,Gasoline Service Station,5541(+),Orange,8,NPDNONMUNIPRCS,Historical,Enrollee,96-018,8 302810001,CAG918001,,10/12/1994,02/05/1997,,.0144,,A,3,0,0
ARCO Petroleum Products Company La Palma,"4 Centerpointe Drive, La Palma, CA 90623-1066","GW Cleanup-G.G.,G.G. Blvd.","9001 Garden Grove, Garden Grove, CA 92641",,,Other,4959,Orange,8,NPDNONMUNIPRCS,Historical,Enrollee,R8-2002-0007,8 302890001,CAG918001,,12/26/1996,06/14/2006,,.0012,,A,2,0,0
ARCO Petroleum Products Company La Palma,"4 Centerpointe Drive, La Palma, CA 90623-1066","GW Cleanup-G.G,Harbor","13361 Harbor Boulevard, Garden Grove, CA",33.769311,-117.920498,Other,4959,Orange,8,NPDNONMUNIPRCS,Historical,Enrollee,R8-2002-0007,8 303368001,CAG918001,,06/22/2001,04/09/2007,,.01,,A,2,0,0
ARCO Petroleum Products Company La Palma,"4 Centerpointe Drive, La Palma, CA 90623-1066",Former ARCO Station No. 3080,"2840 East Imperial, Fullerton, CA 92835",33.91041,-117.88054,Gasoline Service Station,5541,Orange,8,NPDNONMUNIPRCS,Historical,Enrollee,R8-2002-0007,8 303426001,CAG918001,,05/22/2003,07/18/2007,,,,B,2,0,0
ARCO Petroleum Products Company La Palma,"4 Centerpointe Drive, La Palma, CA 90623-1066","GW Cleanup-Cypress,Ball #1973","4988 Ball, Cypress, CA 90630",33.816844,-118.04573,Other,4959,Orange,8,"NPDNONMUNIPRCS, WDRNONMUNIPRCS",Historical,Enrollee,91-063,8 302801001,CAG918001,,05/16/1994,10/01/1996,,.0288,,A,3,0,0
ARCO Petroleum Products Company La Palma,"4 Centerpointe Drive, La Palma, CA 90623-1066","GW Cleanup-Corona,Main SS#1924","785 Main, Corona, CA 91720",,,Other,4959,Riverside,8,NPDESWW,Historical,WDR,88-006,8 332255001,,02/11/1988,02/11/1988,,02/01/1993,.004,,B,2,0,0
ARCO Petroleum Products Company La Palma,"4 Centerpointe Drive, La Palma, CA 90623-1066","GW Cleanup-C.M.,Baker","1450 Baker, Costa Mesa, CA",,,Other,4959,Orange,8,NPDNONMUNIPRCS,Historical,Enrollee,96-018,8 302800001,CAG918001,,05/11/1994,04/08/1997,,.025,,A,3,0,0
ARCO Petroleum Products Company La Palma,"4 Centerpointe Drive, La Palma, CA 90623-1066","GW Cleanup-C.M., Harbor #6131","3201 Harbor, Costa Mesa, CA",,,Other,5541,Orange,8,NPDNONMUNIPRCS,Historical,Enrollee,R8-2002-0007,8 303407001,CAG918001,,03/05/2003,06/11/2003,,,,B,2,0,0
ARCO Petroleum Products Company La Palma,"4 Centerpointe Drive, La Palma, CA 90623-1066","GW Cleanup-B.P.,Manchester Ave","6370 Manchester, Buena Park, CA",,,Other,4959,Orange,8,NPDNONMUNIPRCS,Historical,Enrollee,96-018,8 302778001,CAG918001,,06/10/1993,12/18/1996,,.002,,A,3,0,0
ARCO Petroleum Products Company La Palma,"4 Centerpointe Drive, La Palma, CA 90623-1066","GW Cleanup-B.P.,Knott Ave","7990 Knott, Buena Park, CA",,,Other,4959,Orange,8,NPDNONMUNIPRCS,Historical,Enrollee,R8-2002-0007,8 302799001,CAG918001,,06/29/2000,08/17/2006,01/01/2007,.01,,A,2,0,0
ARCO Petroleum Products Company La Palma,"4 Centerpointe Drive, La Palma, CA 90623-1066",Former ARCO SS#3012,"27641 Ynez Rd, Temecula, CA 92390",,,Other,5541,Riverside,9,NPDESWW,Historical,NPDES Permit,91-094,9 000000530,CAG919002,12/09/1991,12/09/1991,,12/09/2001,.01,Minor,A,3,0,0
ARCO Petroleum Products Company La Palma,"4 Centerpointe Drive, La Palma, CA 90623-1066",ARCO SS#5410 Remed,"1725 Broadway, Chula Vista, CA",,,Other,5541,San Diego,9,NPDNONMUNIPRCS,Historical,Enrollee,96-041,9 000000651,CAG919002,,09/09/1994,06/12/2001,,0,,A,3,0,0
ARCO Petroleum Products Company La Palma,"4 Centerpointe Drive, La Palma, CA 90623-1066",ARCO SS#3102 Remed,"23931 Alicia Parkway, Mission Viejo, CA 92691",33.614873,-117.678784,Other,5541,Orange,9,NPDNONMUNIPRCS,Historical,Enrollee,96-041,9 000000492,CAG919002,,07/12/1991,06/12/2001,,0,,A,3,0,0
ARCO Petroleum Products Company La Palma,"4 Centerpointe Drive, La Palma, CA 90623-1066",ARCO SS#1790 Remed,"6110 Mission Gorge Rd, San Diego, CA",,,Other,5541,San Diego,9,NPDNONMUNIPRCS,Historical,Enrollee,96-041,9 000000712,CAG919002,,11/29/1995,06/12/2001,,0,,A,3,0,0
ARCO Petroleum Products Company La Palma (BP),"6 Centerpointe Drive Lpr6-161, La Palma, CA 90623-1066",#11208,"2695 Mckee, Santa Clara, CA 95133",,,Other,5541,Santa Clara,2,NPDNONMUNIPRCS,Historical,Enrollee,91-056,2 438482001,CAG912002,,11/30/1993,04/17/1996,,.0072,Minor,A,3,0,0
ARCO Petroleum Products Company La Palma (BP),"6 Centerpointe Drive Lpr6-161, La Palma, CA 90623-1066",Former Arco Service Stn. #1860,"3817 Third, Los Angeles, CA 90020",34.069026,-118.298171,Groundwater Cleanup Site,5984(+),Los Angeles,4,NPDNONMUNIPRCS,Historical,Enrollee,R4-2003-0111,4B196600144,CAG994004,,05/10/2001,04/06/2007,09/04/2003,.014,,B,2,0,0
ARCO Petroleum Products Company La Palma (BP),"6 Centerpointe Drive Lpr6-161, La Palma, CA 90623-1066",BP Station #11231,"801 Fair Oaks, Sunnyvale, CA",,,Other,5541,Santa Clara,2,NPDNONMUNIPRCS,Historical,Enrollee,91-056,2 438490001,CAG912002,,03/31/1994,04/17/1996,,.0072,Minor,A,3,0,0
ARCO Petroleum Products Company La Palma (BP),"6 Centerpointe Drive Lpr6-161, La Palma, CA 90623-1066",BP Oil Site #11235,"1271 First, San Jose, CA 95110",37.317822,-121.875451,Other,5541,Santa Clara,2,NPDNONMUNIPRCS,Historical,Enrollee,96-078,2 438417001,CAG912002,,12/20/1991,04/17/1996,,.0072,Minor,A,2,0,0
ARCO Petroleum Products Company La Palma (BP),"6 Centerpointe Drive Lpr6-161, La Palma, CA 90623-1066",BP Oil Site #11227,"1787 Main, Milpitas, CA",,,Other,5541,Santa Clara,2,NPDNONMUNIPRCS,Historical,Enrollee,91-056,2 438428001,CAG912002,,02/14/1992,04/17/1996,,.0072,Minor,A,3,0,0
ARCO Petroleum Products Company La Palma (BP),"6 Centerpointe Drive Lpr6-161, La Palma, CA 90623-1066",BP Oil Site #11223,"97 Abbott, Milpitas, CA 95035",37.426912,-121.912627,Other,5541,Santa Clara,2,NPDNONMUNIPRCS,Historical,Enrollee,96-078,2 438498001,CAG912002,,03/13/1995,04/17/1996,,.0072,Minor,A,2,0,0
ARCO Petroleum Products Company La Palma (BP),"6 Centerpointe Drive Lpr6-161, La Palma, CA 90623-1066",BP Oil Site #11212,"14395 Big Basin, Saratoga, CA",,,Other,5541,Santa Clara,2,NPDNONMUNIPRCS,Historical,Enrollee,91-056,2 438432001,CAG912002,,05/22/1992,04/17/1996,,.014,Minor,A,3,0,0
ARCO Petroleum Products Company La Palma (BP),"6 Centerpointe Drive Lpr6-161, La Palma, CA 90623-1066",Arco Station No. 6035,"9824 Flair, El Monte, CA 91731",34.07211,-118.054694,Groundwater Cleanup Site,2999,Los Angeles,4,NPDNONMUNIPRCS,Historical,Enrollee,R4-2002-0125,4B196600162,CAG834001,,05/15/2002,09/15/2004,,.003,,B,2,0,0
ARCO Petroleum Products Company La Palma (BP),"6 Centerpointe Drive Lpr6-161, La Palma, CA 90623-1066",Arco Station #0194,"5884 Washington Boulevard, Culver City, CA 90230",34.0325,-118.37306,"Service/Commercial Site, NEC",5541,Los Angeles,4,NPDNONMUNIPRCS,Historical,Enrollee,R4-2007-0021,4B196600177,CAG834001,,01/08/2003,02/08/2011,01/01/2011,.0072,Minor,B,2,0,0
ARCO Petroleum Products Company La Palma (BP),"6 Centerpointe Drive Lpr6-161, La Palma, CA 90623-1066",Arco Gasoline SS#1601,"1785 Bellflower Boulevard, Long Beach, CA 90808",33.78833,-118.12472,"Service/Commercial Site, NEC",5541,Los Angeles,4,NPDNONMUNIPRCS,Historical,Enrollee,R4-2003-0111,4B197500046,CAG994004,,12/21/2004,01/22/2009,08/07/2008,.0144,Minor,,,0,0
ARCO Petroleum Products Company La Palma (BP),"6 Centerpointe Drive Lpr6-161, La Palma, CA 90623-1066",ARCO #3012,"27641 Ynez, Temecula, CA",,,Other,5541,Riverside,9,"NPDNONMUNIPRCS, WDRNONMUNIPRCS",Historical,Enrollee,R9-2008-0138,9 000001170,,11/18/2003,11/18/2003,06/20/2012,,,,B,3,0,0
ARCO Petroleum Products Company La Palma (BP),"6 Centerpointe Drive Lpr6-161, La Palma, CA 90623-1066","666 N. Santa Cruz, BP OIL","666 Santa Cruz, Los Gatos, CA 95030",37.235662,-121.977703,Other,5541,Santa Clara,2,NPDNONMUNIPRCS,Historical,Enrollee,,2 438416001,,,,04/22/2010,,,Minor,,,0,0
ARCO Petroleum Products Company La Palma (BP),"6 Centerpointe Drive Lpr6-161, La Palma, CA 90623-1066",5755 Camden Ave.,"5755 Camden, San Jose, CA 95124",37.232983,-121.903489,Other,5541,Santa Clara,2,NPDNONMUNIPRCS,Historical,Enrollee,R2-2006-0075,2 438627001,CAG912002,05/19/2004,05/19/2004,12/31/2010,09/19/2006,.0288,Minor,B,2,0,0
ARCO Petroleum Products Company La Palma (BP),"6 Centerpointe Drive Lpr6-161, La Palma, CA 90623-1066",3010 Union Ave.,"3010 Union, San Jose, CA 95124",37.267198,-121.931469,Other,5541,Santa Clara,2,NPDNONMUNIPRCS,Historical,Enrollee,R2-2006-0075,2 438623001,CAG912002,12/08/2003,12/08/2003,03/11/2011,09/19/2006,.0576,Minor,B,2,0,0
ARCO Petroleum Products Company La Palma (BP),"6 Centerpointe Drive Lpr6-161, La Palma, CA 90623-1066","1100 Tully Rd., ARCO SS#2144","1100 Tully, San Jose, CA 95122",37.314575,-121.837293,Other,,Santa Clara,2,NPDNONMUNIPRCS,Historical,Enrollee,01-100,2 438393003,CAG912002,,04/23/2002,09/19/2006,09/19/2006,.0144,Minor,B,2,0,0
ARCO Petroleum Products Company La Palma (BP),"6 Centerpointe Drive Lpr6-161, La Palma, CA 90623-1066","1099 Blossom Hill - SJ, BP OIL","1099 Blossom Hill, San Jose, CA 95123",37.250912,-121.874764,Other,5541,Santa Clara,2,NPDNONMUNIPRCS,Historical,Enrollee,01-100,2 438587001,CAG912002,,01/29/2002,09/19/2006,10/28/2005,.072,Minor,B,2,0,0
ARCO Petroleum Products Company Los Angeles,"1055 West Seventh Street, Los Angeles, CA 90051-0570",Former ARCO SS #3027 Remed,"208 Hotel Circle South, San Diego, CA",,,Other,5541,San Diego,9,NPDNONMUNIPRCS,Historical,Enrollee,96-041,9 000000605,CAG919002,,10/20/1993,06/12/2001,,0,,A,3,0,0
ARCO Petroleum Products Company Moraga,"Po Box 6549, Moraga, CA 94570","1100 Tully, ARCO SS#2144","1100 Tully, San Jose, CA 95122",37.314575,-121.837293,Other,5541,Santa Clara,2,NPDNONMUNIPRCS,Historical,Enrollee,96-078,2 438393001,CAG912002,,07/12/1991,06/18/2001,,.0028,,A,2,0,0
ARCO Petroleum Products Company Moraga,"Po Box 6549, Moraga, CA 94570","5498 Monterey, SJ, ARCO 2092","5498 Monterey, San Jose, CA 95111",37.256321,-121.80337,Other,,Santa Clara,2,NPDNONMUNIPRCS,Historical,Enrollee,01-100,2 438551002,CAG912002,,02/01/1999,09/19/2006,09/19/2006,.0144,Minor,B,2,0,0
ARCO Petroleum Products Company San Jose,"Po Box 612530, San Jose, CA 95161",ARCO Station #5334,"707 Mathilda, Sunnyvale, CA 94087",37.36742,-122.037098,Other,5541,Santa Clara,2,NPDNONMUNIPRCS,Historical,Enrollee,96-078,2 438444001,CAG912002,,08/27/1992,06/18/2001,,.0028,Minor,A,2,0,0
ARCO Petroleum Products Company San Mateo,"Po Box 5811, San Mateo, CA 94402",ARCO Station 434,"501 Kettleman, Lodi, CA 95240",38.116313,-121.262282,Other,5541,San Joaquin,5S,NPDESWW,Historical,NPDES Permit,96-27208,5B392084001,CA0082821,10/25/1996,10/25/1996,10/25/1996,10/25/1996,.003,Minor,,0,0,0
ARCO Petroleum Products Company San Mateo,"Po Box 5811, San Mateo, CA 94402",Arco SS #5369,"36974 Fremont, Fremont, CA 94536",37.560823,-122.011982,Other,5541,Alameda,2,NPDNONMUNIPRCS,Historical,Enrollee,91-056,2 019280001,CAG912002,,06/08/1992,04/17/1996,,.022,Minor,A,3,0,0
ARCO Petroleum Products Company San Mateo,"Po Box 5811, San Mateo, CA 94402",Arco SS #2153,"2800 Homestead, Santa Clara, CA 95051",37.338373,-121.976773,Other,5541,Santa Clara,2,NPDNONMUNIPRCS,Historical,Enrollee,91-056,2 438434001,CAG912002,,06/08/1992,04/17/1996,,.007,Minor,A,3,0,0
ARCO Petroleum Products Company San Ramon,"Po Box 1257, San Ramon, CA 94583",ARCO Service Station 5384,"545 West Alma Avenue, San Jose, CA 95110",,,Gasoline Service Station,,Santa Clara,2,NPDNONMUNIPRCS,Historical,Enrollee,R2-2012-0012,2 438636002,CAG912002,,03/15/2012,07/02/2014,03/15/2017,,Minor,,,0,0
ARCO Petroleum Products Company San Ramon,"Po Box 1257, San Ramon, CA 94583",Former Arco Service Station # 0495,"10550 South De Anza Boulevard, Cupertino, CA 95014",37,-122,Other,,Santa Clara,2,NPDNONMUNIPRCS,Historical,Enrollee,R2-2006-0075,2 438635001,CAG912002,,02/14/2007,01/21/2011,01/12/2012,,Minor,,,0,0
ARCO Pipeline Company,"Po Box 787, Long Beach, CA 90801",ARCO Line 90 98-30011,,,,Other,4612(+),,7,NPDNONMUNIPRCS,Historical,Enrollee,98-300,7A335555011,CAG677001,,01/20/1998,05/16/2000,,.016,,C,3,0,0
ARCO Pipeline Company,"Po Box 787, Long Beach, CA 90801","Dewatering,General","275 North Maple Street, Corona, CA 91720",,,Other,1623,Riverside,8,NPDNONMUNIPRCS,Historical,Enrollee,98-067,8 332387001,CAG998001,,09/27/1995,10/30/1998,,2.3,,C,3,0,0
ARCO Pipeline Company,"Po Box 787, Long Beach, CA 90801",ARCO Pipe Line Company,,,,Other,4612,,5F,NPDNONMUNIPRCS,Historical,Enrollee,,5D156002001,,,01/27/1997,11/28/1999,,.0001,,C,3,0,0
ARCO Western Energy,"Po Box 147, Bakersfield, CA 93302-0147",Gaviota,"Pcr 2793, Santa Barbara, CA 93102",,,Other,1389,Santa Barbara,3,NPDNONMUNIPRCS,Historical,Enrollee,00-169,3 422075001,CAG283001,,12/08/1995,11/29/2000,,.01,,,,0,0
"ARE-SAN FRANCISCO NO. 88, LLC","1700 Owens Street, San Francisco, CA 94158",Alexandria Center for Life Science,"987-1075 Commercial Street, San Carlos, CA 94070",37.503067,-122.250906,Domestic Site NEC,,San Mateo,2,NPDNONMUNIPRCS,Historical,Enrollee - NPDES,R2-2017-0048,2_41NPG444098,,,07/06/2021,09/16/2022,12/31/2023,,Minor,,,0,0
"ARUP North Americas, LTD","560 Mission Street 700, San Francisco, CA 94105",Quien Sabe Ranch,"8799 Quien Sabe Road, Hollister, CA 95023",36.833264,-121.207438,"Development Site, NEC",,San Benito,3,NPDNONMUNIPRCS,Historical,Enrollee - NPDES,R3-2011-0223,,CAG993001,,04/01/2015,04/02/2015,03/31/2020,0.00001,Minor,C,3,0,0
AT&T,"4480 Kester Avenue Room 414, Sherman Oaks, CA 91403",AT&T Dewatering Carpinteria,"Hwy 101 off-ramp at Carpinteria Avenue, Carpinteria, CA 93013",34.404391,-119.535512,"Service/Commercial Site, NEC",,Santa Barbara,3,NPDNONMUNIPRCS,Historical,Enrollee - NPDES,R3-2017-0042,3 420321863,,,12/23/2020,04/23/2021,03/06/2023,,Minor,,,0,0
AT&T (Environmental Health & Safety),"2600 Camino Ramon 3e000, San Ramon, CA 94583",AT&T Utility Vaults in SFBay Region 2,"Regionwide, CA",,,Utility Structure,,San Francisco,2,NPDNONMUNIPRCS,Active,Enrollee - NPDES,2014-0174-DWQ,2000U000082,CAG990002,07/19/2006,11/16/2006,,,0,Minor,C,3,0,0
AT&T (Environmental Health & Safety),"2600 Camino Ramon 3e000, San Ramon, CA 94583",AT&T Facilities Under the General Utilities Permit,"Redding, CA",,,Utility Structure,4813,Shasta,5R,NPDNONMUNIPRCS,Active,Enrollee - NPDES,2014-0174-DWQ,5000U000085,CAG990002,,08/05/2015,,06/29/2020,,Minor,C,3,0,0
AT&T Company formerly Pacific Bell Telephone Company,"2600 Camino Ramon 3e000, San Ramon, CA 94583",Pacific Bell (AT&T),CA,,,Utility Structure,,Sonoma,1,NPDNONMUNIPRCS,Historical,Enrollee,,1000U000034,,,12/15/1997,12/31/2006,03/21/2011,,Minor,,,0,0
AT&T Company formerly Pacific Bell Telephone Company,"2600 Camino Ramon 3e000, San Ramon, CA 94583",Pacific Bell Tel Co. - various utility vaults,CA,,,Utility Structure,4899,Los Angeles,4,NPDNONMUNIPRCS,Active,Enrollee - NPDES,2014-0174-DWQ,4000U000037,CAG990002,,05/29/1997,,06/29/2020,0,Minor,C,3,0,0
AT&T Company formerly Pacific Bell Telephone Company,"2600 Camino Ramon 3e000, San Ramon, CA 94583",Pacific Bell/Statewide Utility,"3540 Kings RM 128D Way, Sacramento, CA 95851",,,Other,,Sacramento,6T,NPDNONMUNIPRCS,Active,Enrollee - NPDES,2014-0174-DWQ,6000U000039,CAG990002,07/18/2001,07/19/2006,,07/19/2012,0,Minor,C,3,0,0
AT&T Company formerly Pacific Bell Telephone Company,"2600 Camino Ramon 3e000, San Ramon, CA 94583",ATT PACIFIC BELL Utility Vaults in SF Bay Region (2),"2600 Camino Ramon ROOM 3E000, San Ramon, CA 94583",,,Utility Structure,4812,Contra Costa,2,NPDNONMUNIPRCS,Active,Enrollee - NPDES,2014-0174-DWQ,2000U000035,CAG990002,07/19/2006,11/26/2006,,,0,Minor,C,3,0,0
AT&T Corporation,"900 At&T Way 5c109e, Bedminster, NJ 07921",AT & T/Statewide Utility GP,"Susanville, CA",,,Other,,Lassen,6T,NPDNONMUNIPRCS,Active,Enrollee - NPDES,2014-0174-DWQ,6000U000086,CAG990002,,07/18/2001,,07/18/2015,0,Minor,C,3,0,0
AT&T Corporation,"900 At&T Way 5c109e, Bedminster, NJ 07921",AT&T Utility Vault Discharges,"Region Wide, CA",,,Utility Structure,,Orange,8,NPDNONMUNIPRCS,Active,Enrollee - NPDES,2014-0174-DWQ,8000U000026,CAG990002,,09/25/2007,,06/29/2020,0,Minor,C,3,0,0
AT&T Corporation,"900 At&T Way 5c109e, Bedminster, NJ 07921",AT&T Statewide Cable System,CA,,,Utility Structure,4911,Sonoma,1,NPDNONMUNIPRCS,Active,Enrollee - NPDES,2014-0174-DWQ,1000U000081,CAG990002,,09/21/2007,,09/21/2012,0,Minor,C,3,0,0
AT&T Corporation,"2600 Camino Ramon 3e000, San Ramon, CA 94583-0995",SBC (Pacific Bell) 0111DWQ40,"3540 Kings Wy, Room 128D, CA",,,Other,4812,Riverside,7,NPDNONMUNIPRCS,Active,Enrollee - NPDES,2014-0174-DWQ,7000U000040,CAG990002,,01/01/2007,,05/28/2007,0,Minor,C,3,0,0
AT&T Corporation,"900 At&T Way 5c109e, Bedminster, NJ 07921",Region 3 - Pacific Bell (a.k.a. SBC) Regionwide Utility Vaults (NPDES),"2600 Camino Ramon 3E000, San Ramon, CA 94583",,,Utility Structure,,San Luis Obispo,3,NPDNONMUNIPRCS,Active,Enrollee - NPDES,2014-0174-DWQ,3000U000036,CAG990002,01/01/2007,01/01/2007,,07/19/2011,0,Minor,C,3,0,0
AT&T Corporation,"2600 Camino Ramon 3e000, San Ramon, CA 94583-0995",AT&T Utility vaults,CA,,,Utility Structure,,Los Angeles,4,NPDNONMUNIPRCS,Active,Enrollee - NPDES,2014-0174-DWQ,4000U000084,CAG990002,,09/07/2001,,06/29/2020,0,Minor,C,3,0,0
AT&T Corporation,"900 At&T Way 5c109e, Bedminster, NJ 07921",AT&T Utility Vault,"Various Locations, San Diego, CA",,,Utility Structure,,San Diego,9,NPDNONMUNIPRCS,Active,Enrollee - NPDES,2014-0174-DWQ,9000U000089,CAG990002,07/19/2006,09/18/2015,,06/29/2020,0,Minor,C,3,0,0
AT&T Corporation,"900 At&T Way 5c109e, Bedminster, NJ 07921",At&T Corporation,"4480 Willow Road, Pleasanton, CA 94588",37.687873,-121.898378,Other,4813,Alameda,7,NPDNONMUNIPRCS,Active,Enrollee - NPDES,2014-0174-DWQ,7000U000087,CAG990002,,01/01/2007,,10/23/2011,0,Minor,C,3,0,0
AT&T Corporation,"900 At&T Way 5c109e, Bedminster, NJ 07921",Region 3 - At&T Regionwide Utility Vaults (NPDES),"Regionwide, San Luis Obispo, CA 93401",,,Utility Structure,,San Luis Obispo,3,NPDNONMUNIPRCS,Active,Enrollee - NPDES,2014-0174-DWQ,3000U000083,CAG990002,01/01/2007,01/01/2007,,07/19/2015,0,Minor,C,3,0,0
Abalone Farm Inc,"Po Box 136, Cayucos, CA 93430","Abalone Farm, The","Highway 1 & Villa Creek Rd, Cayucos, CA 93430",,,Aquaculture/Hatchery,0279,San Luis Obispo,3,"ANIWSTOTH, NPDESWW, NPDNONMUNIPRCS",Historical,Enrollee,R3-2019-0001,3 405009001,CAG993003,09/07/2007,09/07/2007,12/11/2020,01/31/2024,8.4,Minor,C,3,0,0
"Abbot Kinney Investments, LLC",,Ak Live/Work,"1121 Abbot Kinney, Venice, CA 90291",33.991758,-118.470373,Other,1629,Los Angeles,4,NPDNONMUNIPRCS,Historical,Enrollee,R4-2003-0111,4B197500020,CAG994004,,08/07/2003,12/07/2005,12/07/2005,.2,Minor,,,0,0
"Abgl, Llc","555 Capitol Mall 10th Floor, Sacramento, CA 95814","Dewatering,MW-1,2,3, & 4","4 Individual Locations, CA",,,Domestic Site NEC,,San Bernardino,8,NPDNONMUNIPRCS,Historical,Enrollee,R8-2009-0003,8 362895001,CAG998001,,09/05/2007,08/01/2015,,,Minor,,,0,0
AboveNet Communications,,Silverado Aquifer Testing,"2269 El Segundo, El Segundo, CA 90245",33.916462,-118.384531,Other,,Los Angeles,4,NPDNONMUNIPRCS,Historical,Enrollee,97-045,4B196000551,CAG994001,,09/01/2000,05/17/2004,,.0694,,C,3,0,0
Access Destination Services,"1650 North Hotel Circle 110, San Diego, CA 92108",Access Destination Services/Fireworks America - Fireworks Event Locations,"Various locations throughout the San Diego Region, CA",,,Outdoor Event Venue,7999,San Diego,9,NPDNONMUNIPRCS,Historical,Enrollee,R9-2011-0022,,CAG999002,09/07/2011,09/01/2011,04/20/2016,,,Minor,C,3,0,0
Acclaim Companies,"125 Willow Road, Menlo Park, CA 94025",3150 El Camino Residential Development,"3150 El Camino Real, Palo Alto, CA 94306",,,"Development Site, NEC",,Santa Clara,2,NPDNONMUNIPRCS,Active,Enrollee - NPDES,R2-2017-0048,2_43NPG462109,,,08/12/2025,,12/31/2025,,Minor,,,0,0
Adam Miller c/o EPD Consultants,"21235 Pacific Coast Highway, Malibu, CA 90265",Miller Residence,"24900 Pacific Coast Highway, Malibu, CA 90265",34.0374,-118.63758,"Residence, NEC",,Los Angeles,4,NPDNONMUNIPRCS,Active,Enrollee - NPDES,R4-2018-0125,4B198903079,CAG994004,,02/24/2021,,11/13/2023,.015120,Minor,,,0,13
Adams Plaza,,SEIU - 1545 Wilshire,"1545 Wilshire Boulevard, Los Angeles, CA 90017",34.055154,-118.269646,Domestic Site NEC,6512,Los Angeles,4,NPDESWW,Historical,NPDES Permit,88-123,4B191101001,CA0058297,11/28/1988,11/28/1988,07/21/1997,11/10/1993,.01,Minor,C,3,0,0
Adams Ranch Mutual Water Company,"Po Box 6841, Rosemead, CA 91770",Adams Ranch Mutual Water Co.,"9246 Lower Azusa, Rosemead, CA 91770",34.088105,-118.066969,Other,,Los Angeles,4,NPDNONMUNIPRCS,Historical,Enrollee,97-045,4B196000574,CAG994001,,06/11/2001,02/25/2004,,.432,,C,3,0,0
Adams Steel,"Po Box 6258, Anaheim, CA 92806",Adams Steel Salvage,CA,33.848578,-117.851112,Other,5093,Orange,8,NPDESWW,Historical,NPDES Permit,98-004,8 302741001,CA8000277,03/06/1998,03/06/1998,11/18/2005,03/01/2003,.5,Minor,C,2,0,0
Adelanto City,,Adelanto City WS,"Adelanto, CA 92301",,,Utility Structure,,San Bernardino,6V,NPDNONMUNIPRCS,Active,Enrollee - NPDES,2014-0194-DWQ,4DW0342,,,05/27/2021,,02/25/2022,,Minor,,,0,0
Administrative Office of the Court,"455 Golden Gate Avenue 8th Floor, San Francisco, CA 94102-3688",Long Beach Court Building,"West Broadway Avenue, Long Beach, CA 90802",,,Other,,Los Angeles,4,NPDNONMUNIPRCS,Historical,Enrollee,R4-2008-0032,4B198900082,CAG994004,,05/31/2011,11/29/2012,06/05/2013,.72,Minor,,,0,0
Adobe Systems,"345 Park Avenue, San Jose, CA 95110-2704","Tower II, Phase II","151 Almaden Boulevard, San Jose, CA 95110",,,Groundwater Cleanup Site,7372,Santa Clara,2,NPDNONMUNIPRCS,Historical,Enrollee - NPDES,R2-2017-0048,2 438501006,CAG912002,,08/25/2014,12/22/2020,09/01/2022,,Minor,B,2,0,0
Adobe Systems,"345 Park Avenue, San Jose, CA 95110-2704",Adobe System Site,"333 Park, San Jose, CA 95113",,,"Service/Commercial Site, NEC",7371(+),Santa Clara,2,NPDNONMUNIPRCS,Historical,Enrollee,94-087,2 438501001,CAG912003,,10/28/1994,07/20/1999,,.72,Minor,B,2,0,0
Adobe Systems,"345 Park Avenue, San Jose, CA 95110-2704","Tower I, Phase II","345 Park, San Jose, CA 95110",,,Groundwater Cleanup Site,7372,Santa Clara,2,NPDNONMUNIPRCS,Historical,Enrollee - NPDES,R2-2017-0048,2 4385001007,CAG912002,,08/25/2014,12/22/2020,09/01/2022,,Minor,B,2,0,0
"Adobe, Inc.","345 Park Avenue, San Jose, CA 95110",Adobe North Tower,"333 West San Fernando Street, San Jose, CA 95113",37.33082,-121.89573,Domestic Site NEC,,Santa Clara,2,NPDNONMUNIPRCS,Historical,Enrollee - NPDES,R2-2017-0048,2 43NPG857687,,,04/17/2019,10/16/2020,12/31/2023,,Minor,,,0,0
Advanced Micro Devices Inc. Attn.: Ms. Heather O'Cleirigh,"7171 Southwest Parkway, Austin, TX 78735",915 DeGuigne Drive Groundwater Treatment System,"915 Deguigne Drive, Sunnyvale, CA 94088",,,Gasoline Service Station,3674,Santa Clara,2,NPDNONMUNIPRCS,Active,Enrollee - NPDES,R2-2017-0048,2 438106003,CAG912002,,08/25/2014,,09/01/2022,,Minor,B,2,2,5
Advanco Constructors,"Po Box 1210, Upland, CA 91785","Dewatering,Newport Beach","Park & Jade Avenue, Newport Beach, CA 92658",,,Other,1623,Orange,8,NPDNONMUNIPRCS,Historical,Enrollee,93-049,8 303094001,CAG998001,,11/03/1997,07/01/1998,,.01,,C,3,0,0
Advanco Constructors,,Valencia WRP Solids Processing,"28185 The Old, Valencia, CA 91355",34.43314,-118.592712,Other,1629,Los Angeles,4,NPDNONMUNIPRCS,Historical,Enrollee,97-045,4A196000433,CAG994001,,08/19/1998,06/01/1999,,.6,,C,3,0,0
Advanco Constructors,,Terminal Island WTP,"455 Ferry, San Pedro, CA 90731",33.749078,-118.25259,Other,1629,Los Angeles,4,NPDNONMUNIPRCS,Historical,Enrollee,97-045,4B196000498,CAG994001,,07/15/1999,08/28/2000,,.72,,C,3,0,0
Advanco Constructors,"Po Box 1210, Upland, CA 91785","Dewatering,Riverside STP",CA,,,Other,1623(+),Riverside,8,NPDESWW,Historical,NPDES Permit,89-16403,8 332261001,CA8000104,12/08/1989,12/08/1989,,,1,Minor,C,3,0,0
