WDID,Facility_Name,NPDES_No,CWNS_ID,CWNS_Facility_Name
1A84006ODN,Crescent City WWTP,CA0022756,06001041001,Crescent City WWTF
1B80078OMEN,Willits City WWTP,CA0023060,06001027001,Willits WWTF
1B80081OHUM,Loleta WWTF,CA0023671,06001069001,LOLETA WWTF
1B82037OSON,"Windsor Wastewater Treatment, Reclamation, and Disposal Facility",CA0023345,06001036001,WINDSOR WWTF
1B82045OSON,SCWA Russian River CSD,CA0024058,,
1B82046OSON,Healdsburg City WWTP,CA0025135,06001082001,HEALDSBURG WWTF
1B82084OHUM,McKinleyville WWTP,CA0024490,06001015001,MCKINLEYVILLE WWTF
1B82151OHUM,Eureka City Elk River WWTP,CA0024449,06001010005,ELK RIVER WWTF
1B83009OMEN,Covelo POTW,CA0023574,06001040001,Covelo WWTP
1B83099OSON,Santa Rosa Laguna Subregional Water Reclamation Facility,CA0022764,06001045001,Laguna Wastewater Treatment Plant
1B83100OSON,Forestville Water District,CA0023043,06001009001,FORESTVILLE WWTF
1B83104OHUM,Scotia Town - City,CA0006017,31002180001,SCOTIA WWTP
1B83118OMEN,Mendocino County WWD#2-Anchor Bay,CA0024040,06001049001,ANCHOR BAY WWTF
1B83129OMEN,Mendocino City CSD,CA0022870,06001070001,Mendocino City WWTF
1B83134OHUM,Rio Dell City WWTF,CA0022748,06001020001,RIO DELL WWTF
1B83136OHUM,Ferndale City POTW,CA0022721,06001008001,Ferndale WWTF
1B83147OHUM,Redway POTW,CA0022781,,
1B84029OMEN,Ukiah City WWTP,CA0022888,06001079001,Ukiah WWTF
1B84060OSON,Graton CSD,CA0023639,06001032001,GRATON WWTF
1B84086OHUM,Shelter Cove POTW,CA0023027,06001055001,Shelter Cove WWTF
1B85017RHUM,Samoa Pacific WWTP (Samoa Town Site),CA1000001,,
2 019014001,EBMUD WPCP,CA0037702,06002036001,East Bay MUD Main WWTP
2 019014002,EBMUD SD#1-Wet Wthr Bypass,CA0038440,,
2 019025001,City of Livermore Water Reclamation Plant,CA0038008,06002109001,Livermore WRP
2 019032001,Oro Loma/Castro Valley SD WPCP,CA0037559,06000000068,Oro Loma and Castro Valley Sanitary Districts (WPCP)
2 019033001,Dublin San Ramon SD WWTP,CA0037613,06002006001,Dublin-San Ramon WWTF
2 019123001,EBDA Common Outfall,CA0037869,,
2 019123001,EBDA Common Outfall,CA0037869,,
2 071008001,Central Contra Costa SD WWTP,CA0037648,06002025001,Central Contra Costa WWTF
2 071029001,Mt. View Sanitary District WWTP,CA0037770,06002024001,MOUNTAIN VIEW WWTF
2 071032001,City of Pinole WWTP,CA0037796,06002120001,Pinole-Hercules Water Pollution Control Plant
2 071034001,Port Costa WWTP,CA0037885,06002021001,Port Costa WWTF
2 071039001,Rodeo Sanitary District WWTP,CA0037826,06002064001,RODEO WWTF
2 071107001,West County Agency Outfall,CA0038539,06002057001,West County Plant
2 215012001,Las Gallinas WWTP,CA0037851,06002108001,Las Gallinas Valley Sanitary District Sewage Treatment Plant
2 215015001,Sewerage Agency of Southern Marin (SASM) WWTP,CA0037711,06002015001,SASM WWTF
2 215021001,Marin CSD 5 - Tiburon WWTP,CA0037753,06002063001,Marin Co. SD #5 WWTF
2 215021002,Marin CSD 5 Paradise Cove WWTP,CA0037427,06002063002,PARADISE COVE WWTF
2 215023001,Sausalito Marin City STP,CA0038067,06002072001,SAUSALITO-MARIN CITY WWTF
2 215116001,Central Marin San. Agcy. WWTP,CA0038628,06002044004,Central Marin San. Agency WWTF
2 283003001,Calistoga City Dunaweal WWTP,CA0037966,06002053001,Calistoga WWTP
2 283009001,Napa Sanitation District WWTP (Soscol Water Recycling Facility),CA0037575,06002033001,NAPA SANIT. DIST WWRF
2 283021001,American Canyon Water Reclamation Facility (WRF) (formerly WWTP),CA0038768,06002054001,American Canyon WWTF
2 386009001,SF - OCEANSIDE Water Pollution Control Plant,CA0037681,06002032005,Oceanside WPCP
2 386010001,"SF-SE Water Pollution Control Plant, N-Point & Bayside",CA0038873,06002032003,Southeast WPCP
2 386013001,Treasure Island WWTP/DOD,CA0110116,06002032004,Treasure Island WWTF
2 417021002,North San Mateo County Sanitation District WWTP,CA0037737,06002040001,North San Mateo County Sanitation District WWTP
2 417022002,Calera Creek Water Recycling Plant,CA0038776,06000000091,Calera Creek Water Recycling Plant
2 417032001,SF Airport Mel Leong TP-Sanitary Waste,CA0038318,06002123001,S.F. International Airport WQCP
2 417032001,SF Arprt Mel Leong TP-Industrl,CA0038318,,
2 417035001,San Mateo WWTP,CA0037541,06002043001,San Mateo WWTF
2 417037001,SVCW WWTP,CA0038369,06000000171,Silicon Valley Clean Water 
2 417068001,SAM WWTP (Sewer Authority Mid-Coastside WWTP),CA0038598,06002058001,Sewer Authority Mid-Coastside WWTF
2 438011001,Palo Alto Regional WQCP,CA0037834,06002012001,Palo Alto Regional WQCP
2 438014001,San Jose/Santa Clara WPCP,CA0037842,06002041001,San Jose/Santa Clara WPCP
2 438018001,Sunnyvale WPCP,CA0037621,06002008001,"Sunnyvale, City of (WPCP)"
2 482001001,Benicia WWTP,CA0038091,06002082001,BENICIA WWTF
2 482012001,Vallejo Flood & Wastewater District (VFWD) WWTP,CA0037699,06002047001,VSFCD WWTF
3 270118002,Monterey One Water Regional WWTP,CA0048551,06003012001,Monterey One Water (Regional WWTP and Advanced Water Purification Facility)
3 350102001,San Juan Bautista WWTP,CA0047902,06003047001,SAN JUAN BAUTISTA WWTF
3 400101001,Avila WWTP,CA0047830,06003058001,AVILA BEACH WWTF
3 400107001,San Luis Obispo WWTP,CA0049224,06003004001,San Luis Obispo WRF
3 400110001,San Simeon WWTP,CA0047961,06003036001,SAN SIMEON ACRES WWTF
3 400322963,City of Morro Bay Water Reclamation Facility,CA3000002,06003014001,Morro Bay Cayucos WWTF
3 401013001,Heritage Ranch WWTP,CA0048941,06003033001,Heritage Ranch Sewer Treatm Plant
3 420105001,Lompoc City Regional Wastewater Reclamation Plant,CA0048127,06003050001,City of Lompoc WWTP
3 420107001,Montecito SD WWTP,CA0047899,06003053001,MONTECITO WWTF
3 420111001,Summerland SD WWTP,CA0048054,06003042001,Summerland WWTP
3 440124003,Santa Cruz WWTP,CA0048194,06003010001,SANTA CRUZ WWTF
4A190107021,Saugus Water Reclamation Plant,CA0054313,06004009007,LACSD (Saugus WRP)
4A190107023,Valencia WRP,CA0054216,06004009008,LACSD (Valencia WRP)
4A190118001,Newhall Ranch WRP,CA0064556,,
4A560104001,Ojai Valley WWTP,CA0053961,06004002001,OJAI VALLEY SD WWTF
4A560105001,Oxnard WWTP,CA0054097,06004027001,Oxnard WWTP
4A560107009,Ventura WRF,CA0064726,06004006001,Ventura Water Reclamation Facility
4B190100001,Avalon WWTF,CA0054372,06004016001,AVALON WWRF
4B190101001,Burbank WRP,CA0055531,06004032001,Burbank WRP
4B190106001,Los Angeles-Glendale WWRP,CA0053953,06004010003,L.A.-Glendale WRP
4B190106002,Hyperion WWTP,CA0109991,06004010001,Hyperion WRP
4B190106004,Donald C. Tillman WWRP,CA0056227,06004010004,Tillman WRP
4B190106005,Terminal Island Water Reclamation Plant,CA0053856,06004010002,Terminal Island WRP
4B190107013,A.K. Warren Water Resource Facility,CA0053813,06004009001,LACSD (Joint Water Pollution Control Plant)
4B190107014,Long Beach WRP,CA0054119,06004009006,LACSD (Long Beach WRP)
4B190107015,Los Coyotes WRP,CA0054011,06004009005,LACSD (Los Coyotes WRP)
4B190107016,Whittier Narrows Water Reclamation Plant,CA0053716,06004009004,LACSD (Whittier Narrows WRP)
4B190107020,San Jose Creek Water Reclamation Plant,CA0053911,06004009003,LACSD (San Jose Creek WRP)
4B190107048,Malibu Mesa WRP,CA0059099,06004008010,MALIBU WWTF
4B190137001,Edward C. Little Water Recycling Plant (Recycled Water Irrigation),CA0063401,,
5A040102001,Chico Water Pollution Control Plant,CA0079081,06005011001,Chico WPCP
5A040106001,Sewerage Commission Oroville Region WWTP,CA0079235,06005088002,Sewerage Commis.-Oroville Reg. WWTP
5A060101001,City of Colusa WWTP,CA0078999,06005041001,Colusa WWTP
5A090100001,Hangtown Creek WRF,CAC439621,06005329001,Hangtown Creek WWTP
5A110101001,Willows WWTP,CAC447786,06005035001,WILLOWS WWTF
5A250100001,Alturas Municipal WWTP,CA0078921,06005240001,Alturas WWTP
5A290100001,Grass Valley City WWTP,CAC446876,06005198001,Grass Valley WWTF
5A290101001,Nevada City WWTP,CA0079901,06005200001,NEVADA CITY WWTF
5A290104001,Lake Wildwood WWTP,CAC439953,06005681001,Lake Wildwood WWTP
5A290104003,Lake of the Pines WWTP,CAC439955,06005421001,Lake of the Pines WWTP
5A290107002,Cascade Shores WWTP,CAC442921,06005682001,Cascade Shores WWTP
5A310106001,Dry Creek WWTP,CAC426201,06005227001,Dry Creek WWTP
5A31NP00001,Thunder Valley Casino WWTP,CAC442169,,
5A31NP00011,Lincoln City WWTF,CA0084476,06005234001,LINCOLN WWTF
5A31NP00042,Auburn WWTP,CAC448871,06005040001,AUBURN WWTF
5A320102001,Portola WWTP,CA0077844,06005018001,PORTOLA WWTF
5A320103001,American Valley WWTP,CA0078981,06005243001,QUINCY TREATMENT PLANT
5A321010001,Delleker WWTP,CA0081744,06005294001,Delleker WWTF
5A340108002,EchoWater Resource Recovery Facility,CA0077682,06005009001,Sacramento Regional County Sanitation District (Sacramento Regional Treatment Plant)
5A340114001,Sac City Combined WW Collection/TRT Sys,CA0079111,,
5A450001005,Cottonwood WWTP,CA0081507,06005285001,Cottonwood WWTP
5A450100001,Anderson WPCP,CA0077704,06005023002,Anderson WWTF
5A450103001,Clear Creek WWTP,CA0079731,06005098001,Clear Creek WWTF
5A450103004,Stillwater WWTF,CA0082589,06005098002,Stillwater WWTF
5A450105001,Shasta Lake WWTF,CA0079511,06005232001,SHASTA LAKE WWTF
5A470101001,Dunsmuir WWTP,CA0078441,06005204001,DUNSMUIR WWTF
5A470105001,Mount Shasta WWTP,CA0078051,06005157001,Mt. Shasta WWTF
5A480104001,Beach WWTF,CA0079588,06005253001,RIO VISTA WWTF
5A480105002,Easterly WWTP,CA0077691,06005184001,Easterly Wastewater Treatment Plant
5A480108001,Northwest WWTF,CA0083771,,
5A510100001,Live Oak City WWTP,CAC444735,06005024001,Live Oak WWTP
5A510101001,Yuba City WWTF,CA0079260,06005081001,Yuba City WRP
5A520100001,City of Corning WWTP,CA0004995,06005245002,Corning WWTP
5A520101001,Red Bluff WW Reclamation Plant,CA0078891,06005368001,RED BLUFF WWTF
5A520102001,Mineral WWTP,CA0084069,06000000302,Mineral Wastewater Treatment Plant
5A570100001,City of Davis WWTP,CA0079049,06005205001,"Davis, City of WWTP"
5A570800001,UC Davis Main WWTP,CA0077895,,
5A580100002,Linda Cnty Water District WWTP,CA0079651,06005257001,LINDA WWTF
5A580102001,Olivehurst WWTP,CA0077836,06005031001,OLIVEHURST WWTF
5A581007001,Hammonton Gold Village WWTP,CA0081574,,
5B02NP00001,Bear Valley WWTF,CA0085146,06005114001,BEAR VALLEY WWTF
5B050103001,San Andreas SD WWTP,CA0079464,06005162001,San Andreas Sanitary District WWTP
5B05NP00007,Angels City WWTP,CA0085201,06005187001,ANGELS CAMP WWTF
5B05NP00014,Forest Meadows WWRP,CA0085278,06005082021,Forest Meadows STP
5B070101001,Brentwood WWTP,CA0082660,06005061001,Brentwood WWTP
5B070105003,Discovery Bay WWTP,CA0078590,06000000099,Town of Discovery Bay (Plant 1)
5B070105003,Discovery Bay WWTP,CA0078590,06000000098,Town of Discovery Bay (Plant 2)
5B07NP00013,Ironhouse WWTF,CA0085260,06002090001,Ironhouse WRF
5B090102001,Deer Creek WWTP,CAC433255,06005249001,Deer Creek WWTP
5B340101001,Galt WWTP & Reclamation Facility,CAC443249,06005054001,GALT WWTF
5B390104001,City of Manteca WW Quality Control Facility,CA0081558,06005146001,Manteca WQCF
5B390107001,Wastewater Recovery Center,CA0079138,06005025001,Stockton Regional WWCF
5B390108001,Tracy WWTP,CA0079154,06005105001,Tracy WWTP
5B391078003,Mountain House WWTP,CA0084271,,
5B39NP00085,City of Lathrop Consolidated Treatment Facility,CA0085359,06005019002,Lathrop Consolidated Treatment Facility
5B50NP00031,North Valley Regional Recycled Water Program - Modesto WWTP & Turlock RWQCF,CA0085316,06000000065,"Modesto, City of (Jennings WWTF)"
5C10NP00012,Clovis WWTF,CA0085235,35200900502,"Clovis, City of WWTP"
5C220701002,El Portal WWTF,CA0081759,,
5C500102001,City of Modesto WQCF,CAC448536,06005065001,"Modesto, City of (Sutter WWTF)"
5C500108001,"Turlock City, Turlock Regional Water Quality Control Facility",CA0078948,06005077001,TURLOCK WWTF
5D150118002,Stallion Springs WWTF,CAC439983,06005783001,Stallion Springs CSD WWTF
5D540132001,Cutler-Orosi WWTF,CA0081485,06005226001,Cutler-Orosi WWTF
7A130102041,Calipatria City WWTP,CA0105015,06007007001,CALIPATRIA WWTF
7A130104011,Heber PUD WWTP,CA0104370,06007011001,HEBER WWTF
7A130105011,Holtville City WWTP,CA0104361,06007013001,HOLTVILLE WWTF
7A130111013,Seeley CWD WWTP,CA0105023,06007018001,SEELEY CWD WWTF
7A130112012,Westmorland City WWTP,CA0105007,06007019001,WESTMORLAND WWTF
7A130703011,US Navy Naval Air Facility WWTP,CA0104906,,
7A131001011,Country Life MHPRV Asset Partners LP WWTP,CA0104264,,
7A131057011,Date Gardens MHP WWTP,CA0104841,,
7A330105091,Coachella Valley WD WWTP,CA0104973,,
8 300110002,OCSD Plant 1,CA0110604,06008022001,OCSD WRP No. 1
8 300110002,OCSD Plant 2,CA0110604,06008022002,OCSD WWTP No. 2
8 302006002,Los Alisos WD WWTP,CA8000326,06009076001,Irvine Ranch Water District (Los Alisos WRP)
8 330101001,Beaumont WWTP No. 1,CA0105376,06008012001,BEAUMONT WWTF
8 332303001,Temescal Creek Outfall,CA8000188,06008085001,Temecula Valley Regional WRF
8 360105001,Colton WRF,CA0105236,06008024001,COLTON WWTF
8 362918001,IEUA Carbon Canyon WWRF,CA8000409,06008010006,IEUA Carbon Canyon WRF
8 362918001,IEUA Regional Plant No. 1,CA8000409,06008010001,IEUA Regional Plant No.1
8 362918001,IEUA Regional Plant No. 2,CA8000409,,
8 362918001,IEUA Regional Plant No. 4,CA8000409,,
8 362918001,IEUA Regional Plant No. 5,CA8000409,06008010005,IEUA Regional Plant No.5
9 000000030,Carlsbad WRF,CA0107395,35200900001,"Carlsbad, City of "
9 000000030,Encina Ocean Outfall,CA0107395,06009011001,Encina WPCF
9 000000117,El Toro WD WRP,CA0107611,06008100001,El Toro Water District (Water Reclamation Plant)
9 000000117,IRWD Los Alisos WRP,CA0107611,06009076001,Los Alisos WRP
9 000000117,Irvine Desalter Project Shallow GW Unit,CA0107611,,
9 000000117,SOCWA - Coastal TP,CA0107611,06009006001,South Orange County Wastewater Authority (Coastal Treatment Plant)
9 000000117,SOCWA - Regional TP,CA0107611,,
9 000000117,SOCWA Aliso Creek Ocean Outfall,CA0107611,,
9 000000175,City of San Clemente WRP,CA0107417,06009038001,"San Clemente, City of (Water Reclamation Plant)"
9 000000175,J.B. Latham Wastewater Treatment Plant,CA0107417,06009019001,South Orange County Wastewater Authority  (Latham WWTP)
9 000000175,SMWD - Chiquita WRP,CA0107417,06009074002,Santa Margarita Water District (Chiquita WRP)
9 000000175,SMWD Oso Creek WRP,CA0107417,06009074001,Santa Margarita Water District (Oso Creek WRP)
9 000000175,SOCWA - 3A Treatment Plant,CA0107417,06009075001,MNWD WWTP 3A
9 000000175,SOCWA San Juan Creek Ocean Outfall,CA0107417,,
9 000000900,South Bay WRP,CA0109045,06009031004,South Bay WRP
9000003903,Arcata City WWTF,CA0022713,06001047001,Arcata WWTF
7A130100011,Brawley City WWTP,CA0104523,06007022001,Brawley WWTP
7A131337001,CA Dept of Corrections Centinela WWTP,CA7000001,,
3 400108001,California Men's Colony WWTP,CA0047856,,
5B05NP00001,Copper Cove WWRF,CA0084620,,
7A130101011,Calexico City WWTP,CA7000009,06007005001,CALEXICO WWTF
3 401019759,Cayucos SD WWTP,CA3000001,,
5A320100001,Chester STP,CA0077747,06005279001,CHESTER WWTF
9 000004038,East County Advanced Water Purification (AWP) Project,CA9000001,,
7A130103011,El Centro City WWTP,CA0104426,06007002001,EL CENTRO WWTF
2 482005001,Fairfield-Suisun Sewer District Subregional WWTP,CA0038024,06002038001,Fairfield-Suisun Sewer District
7A130106011,Imperial City WWTP,CA0104400,06007014001,IMPERIAL WWTF
4B190107019,Pomona Water Reclamation Plant,CA0053619,06004009002,LACSD (Pomona WRP)
5C240108001,Merced WWTF,CA0079219,06005064001,Merced WWTP
2 417019001,Millbrae WPCP,CA0037532,06002039001,MILLBRAE MADRONE WWTF
7A130109011,Niland SD WWTP,CA0104451,06004022002,NYELAND ACRES WWTF
2 215022001,Novato and Ignacio WWTP,CA0037958,06002071001,Novato WWTF
9 000000146,Oceanside Ocean Outfall,CA0107433,06009041001,"Oceanside, City of (La Salina WWTF)"
9 000000146,Oceanside Ocean Outfall,CA0107433,06009041002,"Oceanside, City of (San Luis Rey WWTF)"
2 494006001,Petaluma Ellis Creek Water Recycling Facility (NPDES Permit),CA0037810,06002118001,Ellis Creek WRF
9 000003607,City of San Diego North City Pure Water Facility,CA0109398,06009031002,North City WRP
9 000003607,City of San Diego North City Pure Water Facility,CA0109398,06000000102,North City Pure Water Facility
2 01NPI441309,"San Leandro, City of",CA0038881,06002042001,"San Leandro, City of (WPCP)"
2 494009001,Sonoma Valley County SD WWTP,CA0037800,06002069001,Sonoma Valley WWTF
2 417038001,South San Francisco-San Bruno WQCP,CA0038130,06002046001,SO SF-SAN BRUNO WWTF
2 283014001,St. Helena City WWTP,CA0038016,06002074001,ST. HELENA WWTF
2 071059001,USS-UPI LLC - NPDES/SUB15,CA0005002,,
9 000000732,South Bay International WWTP,CA0108928,06009031004,South Bay WRP
4B190137004,Juanita Millender-McDonald Carson Regional Water Recycling Plant,CA0064246,,
5A570105001,Woodland Water Pollution Control Facility,CA0077950,06005004001,WOODLAND WWTF
2 283019001,Yountville / CA Vets Home WWTP,CA0038121,06002127001,YOUNTVILLE-VETERANS WWTF
3 440104001,Watsonville WWTP,CA0048216,06003044001,Watsonville WWTF
8 362375001,"Colton/San Bernadino STP, RIX",,,
3 430100001,SCRWA WWTP,CA0049964,06003060001,South County Regional Wastewater Treatment and Reclamation Facility
9000003903,Atwater Regional WWTF,,06005106001,Atwater Regional Wastewater Treatment Facility
2 417005001,Burlingame WWTP,CA0037788,06002011001,Burlingame WWTP
5C220701004,Deuel Vocational Institution,CAG995002,,
9000003903,Camarillo WRP,CA0053597,06004029001,CAMARILLO Water Reclamation Plant
9000003903,Carmel Area WWTP,CA0047996,06003017001,Carmel Area Wastewater Treatment Plant
9000003903,Carpinteria SD WWTP,CA0047364,06003061001,Carpinteria WWTF
9000003903,Paso Robles WWTP,,06003027001,PASO ROBLES WWTP
9000003903,Cloverdale City WWTP,CA0022977,06001035001,CLOVERDALE WWTF
9000003903,Coachella SD WWTP,CA0104493,06007025001,Coachella WWTP
5A310101001,City of Colfax WWTP,CAG585001,06005233001,Colfax WWTF
9000003903,Corona WWRF #3,CA8000395,06008020003,Corona WWTP #3
9000003903,Corona WWRF #1,CA8000383,06008020001,Corona WWTF #1
9000003903,Delta Diablo WWTP,CA0038547,06002023001,Delta Diablo Wastewater Treatment Plant
9000003903,Donner Summit PUD WWTP,CA0081621,06005045001,DONNER SUMMIT WWTF
9000003903,El Dorado Hills WWTP,,06005249003,El Dorado Hills WWTP
9000003903,EVMWD Regional WWRF,CA8000027,06008041002,Lake Elsinore Regional WWTP
9000003903,Vallecitos WD Meadowlark WRP,CA0107395,06009040001,Meadowlark Water Reclam. Facility
9000003903,Encina Water Pollution Control Facility,,06009011001,Encina Water Pollution Control Facility
9000003903,Membrane Filtration/Reverse Osmosis Facility - Escondido,,,
9000003903,Fallbrook Water Reclamation Plant,CA0108031,06009004001,FALLBROOK WWTF #1
9000003903,Fort Bragg City WWTP,CA0023078,06001028001,Fort Bragg WWTP
9000003903,Fortuna City WWTP,CA0022730,06001011001,FORTUNA WWTF
9000003903,Goleta SD WWTP,CA0048160,06003021001,Goleta Sanitary District Water Resource Recovery Facility
9000003903,Hayward WPCF,CA0037869,06002029001,"Hayward, City of (WPCF)"
9000003903,Michelson WWRF,CA8000326,06008033001,Michelson WRP
5B030103001,City of Jackson WWTP,CAC455508,06005099001,JACKSON WWTF
9000003903,Tapia WRF,CA0056014,06004026001,Tapia Water Reclamation Facility
9000003903,White Slough Water Pollution Control Facility,,,
5C221012001,Mariposa WWTP,CAC441902,06005161001,MARIPOSA WWTF
9000003903,San Luis Rey Water Reclamation Facility (NPDES - Ocean Discharge),,06009041002,"Oceanside, City of (San Luis Rey WWTF)"
9000003903,"La Salina WWTP, Oceanside Ocean Outfall",CA0107433,06009041002,"Oceanside, City of (San Luis Rey WWTF)"
9000003903,Groundwater Replenishment System - Advanced WTF,,,
9000003903,Pismo Beach WWTP,CA0048151,06003028001,"Pismo Beach, City of (Collection & WWTF)"
9000003903,Rialto WWRF,CA0105295,06008052001,Rialto WWTP
9000003903,Richmond WPCP,CA0038539,06002030001,Richmond Municipal Sewer District Water Pollution Control Plant
9000003903,Riverside City WWRF,CA0105350,06008001001,"Riverside, City of (Regional Water Quality Control Plant)"
9000003903,Margaret H Chandler WWRF,CA0105392,06008004001,San Bernardino WRP
9000003903,North City WRP,,06009031002,North City WRP
9000003903,San Elijo Water Campus,CA0107999,06009028001,San Elijo WRF
9000003903,San Leandro WPCP,CA0038881,06002042001,"San Leandro, City of (WPCP)"
9000003903,El Estero Water Resource Center NPDES,CA0048143,06003037001,El Estero Wastewater Treatment Facility
9000003903,Scotts Valley WWTP,CA0048828,06003008001,SCOTTS VALLEY WWTF
9000003903,Simi Valley WQCP,CA0055221,06004003001,Simi Valley WWTP
9000003903,South San Luis Obispo SD WWTP,CA0048003,06003081001,SO SAN LUIS OB CO WWTF
9000003903,Susanville Sanitary District WWTP,CA0102695,06006002001,SUSANVILLE REG WWTF
9000003903,Temescal Valley WD WWRF,CA8000100,06008086001,Temescal Valley WD WWTP
9000003903,Hill Canyon WWTP,,06004007001,Hill Canyon WWTP
9000003903,Raymond A. Boege Alvarado WWTP (Union SD),CA0038733,06002081001,Union Sanitary District (Alvarado WWTF)
7A330122021,Valley SD WWTP,CA0104477,06007029001,VALLEY SD WWTF
9000003903,Victor Valley Wastewater Reclamation Authority WTP,CA0102822,06006009001,Victor Valley Regional WWRP
9000003903,West County WW District WPCP,CA0038539,06002057001,West County Plant
9000003903,WRCRWA Regional WWRF,CA8000316,06008016003,Western Riverside Co Reg WWTP
9000003903,Henry N. Wochholz WWRF,,06008019001,Yucaipa Valley WD WWTP
9 000001182,USMC Camp Pendleton Southern Regional Tertiary Treatment Plant,CA0109347,,
9 000000275,Point Loma WWTP & Ocean Outfall,CA0107409,06009031001,Point Loma WRP
8 362918001,IEUA Regional Plant No. 4,CA8000409,06008010004,IEUA Regional Plant No.4
2 019014002,EBMUD SD#1-Wet Wthr Bypass,CA0038440,06000000116,Oakport WWF
2 019014002,EBMUD SD#1-Wet Wthr Bypass,CA0038440,06000000114,Point Isabel WWF
2 019014002,EBMUD SD#1-Wet Wthr Bypass,CA0038440,06000000115,San Antonio Creek WWF
5D100105001,Fresno Regional WWTF,,06005053001,Fresno-Clovis Regional WRF
9000003903,"Colton/San Bernadino STP, RIX",,06000000105,Regional Tertiary Treatment Rapid Infiltration and Extraction Facility
8 332783001,Perris Valley RWRF,,06008006006,Perris Valley Regional WRF
1A84002OSIS,Tulelake City WWTP,CA0023272,06001001001,TULELAKE WWTF
9000003903,US Coast Guard TRACEN - Tomales,,06002060007,Tomales WWTP



