Agency,Facility_Name,NPDES_No,Region,Major/Minor,Order_No,Facility_URL,error
San Andreas SD,San Andreas SD WWTP,CA0079464,5S,Minor,R5-2024-0025,https://ciwqs.waterboards.ca.gov/ciwqs/readOnly/CiwqsReportServlet?reportName=facilityAtAGlance&placeID=255180,"Message: 
Stacktrace:
#0 0x556539ab594a <unknown>
#1 0x55653952a8a0 <unknown>
#2 0x55653957c540 <unknown>
#3 0x55653957c731 <unknown>
#4 0x5565395ca824 <unknown>
#5 0x5565395a205d <unknown>
#6 0x55653"
San Diego City Metropolitan Wastewater Dept (Public Utilities),South Bay WRP,CA0109045,9,Major,R9-2021-0011,https://ciwqs.waterboards.ca.gov/ciwqs/readOnly/CiwqsReportServlet?reportName=facilityAtAGlance&placeID=257831,"Message: timeout: Timed out receiving message from renderer: 120.000
  (Session info: chrome=140.0.7339.80)
Stacktrace:
#0 0x556539ab594a <unknown>
#1 0x55653952a8a0 <unknown>
#2 0x556539512eb9 <unkno"
San Diego City Metropolitan Wastewater Dept (Public Utilities),South Bay WRP,CA0109045,9,Major,R9-2021-0011,https://ciwqs.waterboards.ca.gov/ciwqs/readOnly/CiwqsReportServlet?reportName=facilityAtAGlance&placeID=257831,"Message: timeout: Timed out receiving message from renderer: 120.000
  (Session info: chrome=140.0.7339.80)
Stacktrace:
#0 0x556539ab594a <unknown>
#1 0x55653952a8a0 <unknown>
#2 0x556539512eb9 <unkno"
