WDID,Agency,Facility_Name,NPDES_No,Region,Major/Minor,Order_No,Facility_URL,Reg_Measure_ID,Reg_Measure_Type,PDF_File,Shared_PDF,Total_PDFs_Available
9000003903,El Dorado Irrigation District,El Dorado Hills WWTP,,SB,Major,2020-0015-DWQ,https://ciwqs.waterboards.ca.gov/ciwqs/readOnly/CiwqsReportServlet?reportName=facilityAtAGlance&placeID=222434,425238,ENROLLEE - NPDES,eid_edh_wwtp_mgo_noa_final.pdf,No,1
9000003903,Elsinore Valley Municipal Water District,EVMWD Regional WWRF,,SB,Major,2020-0015-DWQ,https://ciwqs.waterboards.ca.gov/ciwqs/readOnly/CiwqsReportServlet?reportName=facilityAtAGlance&placeID=259214,371955,NPDES PERMIT,13-0017_Elsinore_Valley_MWD_RWRF_Renewal_WDR_&_NPDES_Permit.pdf,No,3
9000003903,Encina Wastewater Authority,Vallecitos WD Meadowlark WRP,,SB,Major,2020-0015-DWQ,https://ciwqs.waterboards.ca.gov/ciwqs/readOnly/CiwqsReportServlet?reportName=facilityAtAGlance&placeID=269989,425154,NPDES PERMIT,EncinaOO_FinalOrderR9-2018-0059.pdf,Yes,2
9000003903,Encina Wastewater Authority,Encina Water Pollution Control Facility,,SB,Major,2020-0015-DWQ,https://ciwqs.waterboards.ca.gov/ciwqs/readOnly/CiwqsReportServlet?reportName=facilityAtAGlance&placeID=222758,425154,NPDES PERMIT,EncinaOO_FinalOrderR9-2018-0059.pdf,Yes,2
9 000000030,Encina Wastewater Authority,Encina Ocean Outfall,CA0107395,9,Major,R9-2018-0059,https://ciwqs.waterboards.ca.gov/ciwqs/readOnly/CiwqsReportServlet?reportName=facilityAtAGlance&placeID=222754,425154,NPDES PERMIT,EncinaOO_FinalOrderR9-2018-0059.pdf,Yes,2
9 000000030,Encina Wastewater Authority,Carlsbad WRF,CA0107395,9,Major,R9-2018-0059,https://ciwqs.waterboards.ca.gov/ciwqs/readOnly/CiwqsReportServlet?reportName=facilityAtAGlance&placeID=213270,425154,NPDES PERMIT,EncinaOO_FinalOrderR9-2018-0059.pdf,Yes,2
9000003903,Carlsbad MWD,Carlsbad WRF,,SB,,2020-0015-DWQ,https://ciwqs.waterboards.ca.gov/ciwqs/readOnly/CiwqsReportServlet?reportName=facilityAtAGlance&placeID=213270,425154,NPDES PERMIT,EncinaOO_FinalOrderR9-2018-0059.pdf,Yes,2
2 482005001,Fairfield Suisun Sewer District,Fairfield-Suisun Sewer District Subregional WWTP,CA0038024,2,Major,R2-2025-0028,https://ciwqs.waterboards.ca.gov/ciwqs/readOnly/CiwqsReportServlet?reportName=facilityAtAGlance&placeID=225526,463625,NPDES PERMIT,Order R2-2025-0028.pdf,No,1
9000003903,Fallbrook Public Utility District,Fallbrook Water Reclamation Plant,,SB,Major,2020-0015-DWQ,https://ciwqs.waterboards.ca.gov/ciwqs/readOnly/CiwqsReportServlet?reportName=facilityAtAGlance&placeID=224137,434522,NPDES PERMIT,AmendedOrderR9-2019-0169_DigitalSignature signed dwg 12-14-21.pdf,Yes,5
9000003903,Fallbrook Public Utility District,Fallbrook Water Reclamation Plant,,SB,Major,2020-0015-DWQ,https://ciwqs.waterboards.ca.gov/ciwqs/readOnly/CiwqsReportServlet?reportName=facilityAtAGlance&placeID=224137,434522,NPDES PERMIT,AmendingOrderR920210204_DigitalSignature signed dwg 12-17-21.pdf,Yes,5
9000003903,Fallbrook Public Utility District,Fallbrook Water Reclamation Plant,,SB,Major,2020-0015-DWQ,https://ciwqs.waterboards.ca.gov/ciwqs/readOnly/CiwqsReportServlet?reportName=facilityAtAGlance&placeID=224137,434522,NPDES PERMIT,Fallbrook_Final_Adopted_Order_R9-2019-0169.pdf,Yes,5
9000003903,Fallbrook Public Utility District,Fallbrook Water Reclamation Plant,,SB,Major,2020-0015-DWQ,https://ciwqs.waterboards.ca.gov/ciwqs/readOnly/CiwqsReportServlet?reportName=facilityAtAGlance&placeID=224137,434522,NPDES PERMIT,R9-2019-0169_Amended2020 signed dwg 08-17-20.pdf,Yes,5
9000003903,Fallbrook Public Utility District,Fallbrook Water Reclamation Plant,,SB,Major,2020-0015-DWQ,https://ciwqs.waterboards.ca.gov/ciwqs/readOnly/CiwqsReportServlet?reportName=facilityAtAGlance&placeID=224137,434522,NPDES PERMIT,R9-2020-0193_Final_Order signed dwg 08-17-20.pdf,Yes,5
5B340101001,Galt City,Galt WWTP & Reclamation Facility,CAC443249,5S,Major,R5-2023-0025,https://ciwqs.waterboards.ca.gov/ciwqs/readOnly/CiwqsReportServlet?reportName=facilityAtAGlance&placeID=226690,443249,ENROLLEE - NPDES,r5-2017-0085-016.pdf,No,1
5A310101001,Grass Valley City,Grass Valley City WWTP,CAG585001,5S,Major,R5-2023-0025,https://ciwqs.waterboards.ca.gov/ciwqs/readOnly/CiwqsReportServlet?reportName=facilityAtAGlance&placeID=227818,446876,ENROLLEE - NPDES,r5-2017-0085-019.pdf,No,1
9000003903,Hayward City,Hayward WPCF,,2,Major,R2-2022-0023,https://ciwqs.waterboards.ca.gov/ciwqs/readOnly/CiwqsReportServlet?reportName=facilityAtAGlance&placeID=229882,448549,NPDES PERMIT,EBDA - R2-2022-0023.pdf,Yes,1
7A130106011,Imperial City,Imperial City WWTP,CA0104400,7,Major,R7-2021-0002,https://ciwqs.waterboards.ca.gov/ciwqs/readOnly/CiwqsReportServlet?reportName=facilityAtAGlance&placeID=232297,443074,NPDES PERMIT,R7-2021-0002.pdf,No,2
8 302006002,Irvine Ranch Water District,Los Alisos WD WWTP,CA8000326,8,Major,R8-2015-0024,https://ciwqs.waterboards.ca.gov/ciwqs/readOnly/CiwqsReportServlet?reportName=facilityAtAGlance&placeID=758391,402182,NPDES PERMIT,R8-2015-0024_Irvine Ranch Water District.pdf,Yes,2
9000003903,Irvine Ranch Water District,Michelson WWRF,,SB,Major,2020-0015-DWQ,https://ciwqs.waterboards.ca.gov/ciwqs/readOnly/CiwqsReportServlet?reportName=facilityAtAGlance&placeID=259156,402182,NPDES PERMIT,R8-2015-0024_Irvine Ranch Water District.pdf,Yes,2
5B030103001,Jackson City,City of Jackson WWTP,CAC455508,5S,Minor,R5-2023-0025,https://ciwqs.waterboards.ca.gov/ciwqs/readOnly/CiwqsReportServlet?reportName=facilityAtAGlance&placeID=214642,455508,ENROLLEE - NPDES,r5-2023-0025-002_noa.pdf,No,1
4B190107013,Joint Outfall System,A.K. Warren Water Resource Facility,CA0053813,4,Major,R4-2023-0181,https://ciwqs.waterboards.ca.gov/ciwqs/readOnly/CiwqsReportServlet?reportName=facilityAtAGlance&placeID=234156,452398,NPDES PERMIT,Adopted JWPCP PERMIT NPDES CI-1758 05252023.pdf,Yes,2
9000003903,Los Angeles Cnty Sanitation Districts,A.K. Warren Water Resource Facility,,SB,Major,2020-0015-DWQ,https://ciwqs.waterboards.ca.gov/ciwqs/readOnly/CiwqsReportServlet?reportName=facilityAtAGlance&placeID=234156,452398,NPDES PERMIT,Adopted JWPCP PERMIT NPDES CI-1758 05252023.pdf,Yes,2
9000003903,Los Angeles Cnty Sanitation Districts,San Jose Creek Water Reclamation Plant,,SB,Major,2020-0015-DWQ,https://ciwqs.waterboards.ca.gov/ciwqs/readOnly/CiwqsReportServlet?reportName=facilityAtAGlance&placeID=260156,443109,NPDES PERMIT,5542_R4-2021-0131_WDR_PKG.pdf,Yes,2
4B190107019,Joint Outfall System,Pomona Water Reclamation Plant,CA0053619,4,Major,R4-2021-0097,https://ciwqs.waterboards.ca.gov/ciwqs/readOnly/CiwqsReportServlet?reportName=facilityAtAGlance&placeID=250700,432902,NPDES PERMIT,0755_R4-2021-0097_WDR_PKG.pdf,Yes,3
9000003903,Los Angeles Cnty Sanitation Districts,Pomona Water Reclamation Plant,,SB,Major,2020-0015-DWQ,https://ciwqs.waterboards.ca.gov/ciwqs/readOnly/CiwqsReportServlet?reportName=facilityAtAGlance&placeID=250700,432902,NPDES PERMIT,0755_R4-2021-0097_WDR_PKG.pdf,Yes,3
9000003903,Los Angeles Cnty Sanitation Districts,Los Coyotes WRP,,SB,Major,2020-0015-DWQ,https://ciwqs.waterboards.ca.gov/ciwqs/readOnly/CiwqsReportServlet?reportName=facilityAtAGlance&placeID=238646,445113,NPDES PERMIT,5059_R4-2021-0142_WDR_PKG (signed).pdf,Yes,1
9000003903,Los Angeles Cnty Sanitation Districts,Long Beach WRP,,SB,Major,2020-0015-DWQ,https://ciwqs.waterboards.ca.gov/ciwqs/readOnly/CiwqsReportServlet?reportName=facilityAtAGlance&placeID=238562,447474,NPDES PERMIT,5662_R4-2022-0032_WDR_PKG.pdf,Yes,4
9000003903,Los Angeles Cnty Sanitation Districts,Whittier Narrows Water Reclamation Plant,,SB,Major,2020-0015-DWQ,https://ciwqs.waterboards.ca.gov/ciwqs/readOnly/CiwqsReportServlet?reportName=facilityAtAGlance&placeID=235826,443746,NPDES PERMIT,2848_R4-2021-0096_WDR_PKG.pdf,Yes,3
2 215012001,Las Gallinas Valley Sanitary District,Las Gallinas WWTP,CA0037851,2,Major,R2-2020-0022,https://ciwqs.waterboards.ca.gov/ciwqs/readOnly/CiwqsReportServlet?reportName=facilityAtAGlance&placeID=236598,439063,NPDES PERMIT,R2-2020-0022.pdf,No,1
9000003903,Lincoln City,Lincoln City WWTF,,SB,Major,2020-0015-DWQ,https://ciwqs.waterboards.ca.gov/ciwqs/readOnly/CiwqsReportServlet?reportName=facilityAtAGlance&placeID=238365,456827,NPDES PERMIT,r5-2024-0024_npdes.pdf,Yes,1
5A510100001,Live Oak City,Live Oak City WWTP,CAC444735,5S,Major,R5-2023-0025,https://ciwqs.waterboards.ca.gov/ciwqs/readOnly/CiwqsReportServlet?reportName=facilityAtAGlance&placeID=214647,444735,ENROLLEE - NPDES,R5-2017-0085-018.pdf,No,1
2 019025001,Livermore City,City of Livermore Water Reclamation Plant,CA0038008,2,"Major, Minor",R2-2022-0025,https://ciwqs.waterboards.ca.gov/ciwqs/readOnly/CiwqsReportServlet?reportName=facilityAtAGlance&placeID=237195,448551,NPDES PERMIT,City of Livermore - R2-2022-2025.pdf,No,1
9000003903,Lodi City,White Slough Water Pollution Control Facility,,5S,Major,R5-2025-0046,https://ciwqs.waterboards.ca.gov/ciwqs/readOnly/CiwqsReportServlet?reportName=facilityAtAGlance&placeID=272444,461529,ENROLLEE - NPDES,R5-2023-0025-010.pdf,Yes,1
4B190106002,Los Angeles City Bureau of Sanitation,Hyperion WWTP,CA0109991,4,Major,R4-2023-0033,https://ciwqs.waterboards.ca.gov/ciwqs/readOnly/CiwqsReportServlet?reportName=facilityAtAGlance&placeID=232063,447793,NPDES PERMIT,Hyperion NPDES CA0109991 CI-1492_FINAL+SIGNED.pdf,No,2
4B190106004,Los Angeles City Bureau of Sanitation,Donald C. Tillman WWRP,CA0056227,4,Major,R4-2022-0341,https://ciwqs.waterboards.ca.gov/ciwqs/readOnly/CiwqsReportServlet?reportName=facilityAtAGlance&placeID=267571,447892,NPDES PERMIT,Adopted DCTWRP NPDES CI-5695_01242023.pdf,No,2
4B190106005,Los Angeles City Bureau of Sanitation,Terminal Island Water Reclamation Plant,CA0053856,4,Major,R4-2021-0095,https://ciwqs.waterboards.ca.gov/ciwqs/readOnly/CiwqsReportServlet?reportName=facilityAtAGlance&placeID=267130,443776,NPDES PERMIT,TIWRP Adopted Permit 06102021_signed.pdf,No,4
4B190106001,Los Angeles City Bureau of Sanitation,Los Angeles-Glendale WWRP,CA0053953,4,Major,R4-2022-0343,https://ciwqs.waterboards.ca.gov/ciwqs/readOnly/CiwqsReportServlet?reportName=facilityAtAGlance&placeID=235738,452152,NPDES PERMIT,Final LAG NPDES permit_CI 5675 Final_Signed.pdf,No,1
9000003903,Los Angeles Cnty DPW Sewer Maintenance Div,Malibu Mesa WRP,,4,Minor,00-167,https://ciwqs.waterboards.ca.gov/ciwqs/readOnly/CiwqsReportServlet?reportName=facilityAtAGlance&placeID=242162,413232,NPDES PERMIT,6599_R4-2021-0062_WDR.pdf,Yes,3
9000003903,Los Angeles Cnty Sanitation Districts,Valencia WRP,,4,Major,87-048-A01,https://ciwqs.waterboards.ca.gov/ciwqs/readOnly/CiwqsReportServlet?reportName=facilityAtAGlance&placeID=270849,435564,NPDES PERMIT,4993_R4-2022-0174_WDR_PKG.pdf,Yes,2
9000003903,Los Angeles Cnty Sanitation Districts,Saugus Water Reclamation Plant,,4,Major,87-049-A01,https://ciwqs.waterboards.ca.gov/ciwqs/readOnly/CiwqsReportServlet?reportName=facilityAtAGlance&placeID=260494,442544,NPDES PERMIT,2960_R4-2022-0175_WDR_PKG.pdf,Yes,2
5C221012001,Mariposa PUD,Mariposa WWTP,CAC441902,5F,Minor,R5-2023-0025,https://ciwqs.waterboards.ca.gov/ciwqs/readOnly/CiwqsReportServlet?reportName=facilityAtAGlance&placeID=273207,441902,ENROLLEE - NPDES,r5-2017-0085-017.pdf,No,1
5C240108001,Merced City,Merced WWTF,CA0079219,5F,Major,R5-2026-0005,https://ciwqs.waterboards.ca.gov/ciwqs/readOnly/CiwqsReportServlet?reportName=facilityAtAGlance&placeID=214652,464454,NPDES PERMIT,r5-2026-0005_npdes.pdf,No,1
2 417019001,Millbrae City,Millbrae WPCP,CA0037532,2,Major,R2-2024-0005,https://ciwqs.waterboards.ca.gov/ciwqs/readOnly/CiwqsReportServlet?reportName=facilityAtAGlance&placeID=240791,456225,NPDES PERMIT,R2-2024-0005 (Millbrae NPDES Permit).pdf,No,1
9000003903,Mountain House CSD,Mountain House WWTP,,SB,Major,2020-0015-DWQ,https://ciwqs.waterboards.ca.gov/ciwqs/readOnly/CiwqsReportServlet?reportName=facilityAtAGlance&placeID=241598,453528,NPDES PERMIT,r5-2023-0033-01_npdes.pdf,Yes,4
9000003903,Mountain House CSD,Mountain House WWTP,,SB,Major,2020-0015-DWQ,https://ciwqs.waterboards.ca.gov/ciwqs/readOnly/CiwqsReportServlet?reportName=facilityAtAGlance&placeID=241598,453528,NPDES PERMIT,r5-2023-0033_npdes.pdf,Yes,4
9000003903,Mountain House CSD,Mountain House WWTP,,SB,Major,2020-0015-DWQ,https://ciwqs.waterboards.ca.gov/ciwqs/readOnly/CiwqsReportServlet?reportName=facilityAtAGlance&placeID=241598,453528,NPDES PERMIT,r5-2023-0033_npdes_mod.pdf,Yes,4
5A290107002,Nevada CSD No 1,Cascade Shores WWTP,CAC442921,5S,Minor,R5-2023-0025,https://ciwqs.waterboards.ca.gov/ciwqs/readOnly/CiwqsReportServlet?reportName=facilityAtAGlance&placeID=213432,442921,ENROLLEE - NPDES,r5-2017-0085-015.pdf,No,1
5A290104001,Nevada CSD No 1,Lake Wildwood WWTP,CAC439953,5S,"Major, Minor",R5-2023-0025,https://ciwqs.waterboards.ca.gov/ciwqs/readOnly/CiwqsReportServlet?reportName=facilityAtAGlance&placeID=236292,439953,ENROLLEE - NPDES,nvcosd1_wildwood_wwtp_final_noa.pdf,No,1
7A130109011,Niland County Sanitation District,Niland SD WWTP,CA0104451,7,Minor,R7-2025-0017,https://ciwqs.waterboards.ca.gov/ciwqs/readOnly/CiwqsReportServlet?reportName=facilityAtAGlance&placeID=244348,461878,NPDES PERMIT,R7-2025-0017.pdf,No,5
2 215022001,Novato Sanitary District,Novato and Ignacio WWTP,CA0037958,2,Major,R2-2020-0019,https://ciwqs.waterboards.ca.gov/ciwqs/readOnly/CiwqsReportServlet?reportName=facilityAtAGlance&placeID=244705,438539,NPDES PERMIT,R2-2020-0019.pdf,No,1
9000003903,Oceanside City,San Luis Rey Water Reclamation Facility (NPDES - Ocean Discharge),,SB,Major,2020-0015-DWQ,https://ciwqs.waterboards.ca.gov/ciwqs/readOnly/CiwqsReportServlet?reportName=facilityAtAGlance&placeID=255392,434521,NPDES PERMIT,AmendedOrderR920190166_Digitally Signed signed dwg 12-14-21.pdf,Yes,5
9000003903,Oceanside City,San Luis Rey Water Reclamation Facility (NPDES - Ocean Discharge),,SB,Major,2020-0015-DWQ,https://ciwqs.waterboards.ca.gov/ciwqs/readOnly/CiwqsReportServlet?reportName=facilityAtAGlance&placeID=255392,434521,NPDES PERMIT,AmendingOrderR920210199_Digitally Signed signed dwg 12-14-21.pdf,Yes,5
9000003903,Oceanside City,San Luis Rey Water Reclamation Facility (NPDES - Ocean Discharge),,SB,Major,2020-0015-DWQ,https://ciwqs.waterboards.ca.gov/ciwqs/readOnly/CiwqsReportServlet?reportName=facilityAtAGlance&placeID=255392,434521,NPDES PERMIT,Oceanside_Final_Adopted_Order_R9-2019-0166 (1).pdf,Yes,5
9000003903,Oceanside City,San Luis Rey Water Reclamation Facility (NPDES - Ocean Discharge),,SB,Major,2020-0015-DWQ,https://ciwqs.waterboards.ca.gov/ciwqs/readOnly/CiwqsReportServlet?reportName=facilityAtAGlance&placeID=255392,434521,NPDES PERMIT,R9-2019-0166_Amended2020 signed dwg 08-17-20.pdf,Yes,5
9000003903,Oceanside City,San Luis Rey Water Reclamation Facility (NPDES - Ocean Discharge),,SB,Major,2020-0015-DWQ,https://ciwqs.waterboards.ca.gov/ciwqs/readOnly/CiwqsReportServlet?reportName=facilityAtAGlance&placeID=255392,434521,NPDES PERMIT,R9-2020-0190_Final_Order signed dwg 08-17-20.pdf,Yes,5
9 000000146,Oceanside City,Oceanside Ocean Outfall,CA0107433,9,Major,R9-2019-0166,https://ciwqs.waterboards.ca.gov/ciwqs/readOnly/CiwqsReportServlet?reportName=facilityAtAGlance&placeID=245795,434521,NPDES PERMIT,AmendedOrderR920190166_Digitally Signed signed dwg 12-14-21.pdf,Yes,5
9 000000146,Oceanside City,Oceanside Ocean Outfall,CA0107433,9,Major,R9-2019-0166,https://ciwqs.waterboards.ca.gov/ciwqs/readOnly/CiwqsReportServlet?reportName=facilityAtAGlance&placeID=245795,434521,NPDES PERMIT,AmendingOrderR920210199_Digitally Signed signed dwg 12-14-21.pdf,Yes,5
9 000000146,Oceanside City,Oceanside Ocean Outfall,CA0107433,9,Major,R9-2019-0166,https://ciwqs.waterboards.ca.gov/ciwqs/readOnly/CiwqsReportServlet?reportName=facilityAtAGlance&placeID=245795,434521,NPDES PERMIT,Oceanside_Final_Adopted_Order_R9-2019-0166 (1).pdf,Yes,5
9 000000146,Oceanside City,Oceanside Ocean Outfall,CA0107433,9,Major,R9-2019-0166,https://ciwqs.waterboards.ca.gov/ciwqs/readOnly/CiwqsReportServlet?reportName=facilityAtAGlance&placeID=245795,434521,NPDES PERMIT,R9-2019-0166_Amended2020 signed dwg 08-17-20.pdf,Yes,5
9 000000146,Oceanside City,Oceanside Ocean Outfall,CA0107433,9,Major,R9-2019-0166,https://ciwqs.waterboards.ca.gov/ciwqs/readOnly/CiwqsReportServlet?reportName=facilityAtAGlance&placeID=245795,434521,NPDES PERMIT,R9-2020-0190_Final_Order signed dwg 08-17-20.pdf,Yes,5
9000003903,Oceanside City,"La Salina WWTP, Oceanside Ocean Outfall",,SB,Major,2020-0015-DWQ,https://ciwqs.waterboards.ca.gov/ciwqs/readOnly/CiwqsReportServlet?reportName=facilityAtAGlance&placeID=236019,434521,NPDES PERMIT,AmendedOrderR920190166_Digitally Signed signed dwg 12-14-21.pdf,Yes,5
9000003903,Oceanside City,"La Salina WWTP, Oceanside Ocean Outfall",,SB,Major,2020-0015-DWQ,https://ciwqs.waterboards.ca.gov/ciwqs/readOnly/CiwqsReportServlet?reportName=facilityAtAGlance&placeID=236019,434521,NPDES PERMIT,AmendingOrderR920210199_Digitally Signed signed dwg 12-14-21.pdf,Yes,5
9000003903,Oceanside City,"La Salina WWTP, Oceanside Ocean Outfall",,SB,Major,2020-0015-DWQ,https://ciwqs.waterboards.ca.gov/ciwqs/readOnly/CiwqsReportServlet?reportName=facilityAtAGlance&placeID=236019,434521,NPDES PERMIT,Oceanside_Final_Adopted_Order_R9-2019-0166 (1).pdf,Yes,5
9000003903,Oceanside City,"La Salina WWTP, Oceanside Ocean Outfall",,SB,Major,2020-0015-DWQ,https://ciwqs.waterboards.ca.gov/ciwqs/readOnly/CiwqsReportServlet?reportName=facilityAtAGlance&placeID=236019,434521,NPDES PERMIT,R9-2019-0166_Amended2020 signed dwg 08-17-20.pdf,Yes,5
9000003903,Oceanside City,"La Salina WWTP, Oceanside Ocean Outfall",,SB,Major,2020-0015-DWQ,https://ciwqs.waterboards.ca.gov/ciwqs/readOnly/CiwqsReportServlet?reportName=facilityAtAGlance&placeID=236019,434521,NPDES PERMIT,R9-2020-0190_Final_Order signed dwg 08-17-20.pdf,Yes,5
4A560104001,Ojai Valley Sanitary District,Ojai Valley WWTP,CA0053961,4,Major,R4-2023-0430,https://ciwqs.waterboards.ca.gov/ciwqs/readOnly/CiwqsReportServlet?reportName=facilityAtAGlance&placeID=246616,455050,NPDES PERMIT,Adopted Order Ojai NPDES CI 4245 12212023_ADAchecked.pdf,No,5
4A560105001,Oxnard City Wastewater Division,Oxnard WWTP,CA0054097,4,Major,R4-2024-0252,https://ciwqs.waterboards.ca.gov/ciwqs/readOnly/CiwqsReportServlet?reportName=facilityAtAGlance&placeID=246946,455452,NPDES PERMIT,Adopted OWRRF NPDES CI-2022 06172024 signed.pdf,No,3
2 494006001,Petaluma City PWD,Petaluma Ellis Creek Water Recycling Facility (NPDES Permit),CA0037810,2,Major,R2-2021-0008,https://ciwqs.waterboards.ca.gov/ciwqs/readOnly/CiwqsReportServlet?reportName=facilityAtAGlance&placeID=248087,443296,NPDES PERMIT,Order R2-2021-0008 (1).pdf,No,1
5A090100001,Placerville City,Hangtown Creek WRF,CAC439621,5S,Major,R5-2023-0025,https://ciwqs.waterboards.ca.gov/ciwqs/readOnly/CiwqsReportServlet?reportName=facilityAtAGlance&placeID=229595,439621,ENROLLEE - NPDES,r5-2017-0085-007.pdf,No,1
5A320102001,Portola City,Portola WWTP,CA0077844,5R,Minor,R5-2024-0023,https://ciwqs.waterboards.ca.gov/ciwqs/readOnly/CiwqsReportServlet?reportName=facilityAtAGlance&placeID=248936,451326,NPDES PERMIT,r5-2024-0023_npdes.pdf,No,1
9000003903,Rialto City,Rialto WWRF,,SB,Major,2020-0015-DWQ,https://ciwqs.waterboards.ca.gov/ciwqs/readOnly/CiwqsReportServlet?reportName=facilityAtAGlance&placeID=259149,381374,NPDES PERMIT,14-0010_Rialto_City_of_Renewal_WDR_MWWTP.pdf,No,1
9000003903,Richmond City,Richmond WPCP,,2,Major,R2-2024-0008,https://ciwqs.waterboards.ca.gov/ciwqs/readOnly/CiwqsReportServlet?reportName=facilityAtAGlance&placeID=252657,457271,NPDES PERMIT,R2-2024-0008 West County.pdf,Yes,1
9000003903,Riverside City,Riverside City WWRF,,SB,Major,2020-0015-DWQ,https://ciwqs.waterboards.ca.gov/ciwqs/readOnly/CiwqsReportServlet?reportName=facilityAtAGlance&placeID=259150,376054,NPDES PERMIT,13-0016_Riverside_City_of_Dept_of_Public_Works.pdf,No,2
5A310106001,Roseville City,Dry Creek WWTP,CAC426201,5S,Major,R5-2023-0025,https://ciwqs.waterboards.ca.gov/ciwqs/readOnly/CiwqsReportServlet?reportName=facilityAtAGlance&placeID=220768,426201,ENROLLEE - NPDES,roseville_drycreek_wwtp_mgo_noa_final.pdf,Yes,1
2 417068001,SEWER AUTHORITY MID-COASTSIDE,SAM WWTP (Sewer Authority Mid-Coastside WWTP),CA0038598,2,Major,R2-2023-0002,https://ciwqs.waterboards.ca.gov/ciwqs/readOnly/CiwqsReportServlet?reportName=facilityAtAGlance&placeID=255139,451900,NPDES PERMIT,CA0038598 SAM Order R2-2023-0002.pdf,No,1
9000003903,SOCWA-Recycled Water Use,SOCWA - Coastal TP,,SB,,2020-0015-DWQ,https://ciwqs.waterboards.ca.gov/ciwqs/readOnly/CiwqsReportServlet?reportName=facilityAtAGlance&placeID=257850,446048,NPDES PERMIT,r9_2022_0006_acoo_signature signed dwg 03-18-21.pdf,Yes,1
9000003903,SOCWA-Recycled Water Use,SOCWA - Regional TP,,9,,2016-0068-DDW,https://ciwqs.waterboards.ca.gov/ciwqs/readOnly/CiwqsReportServlet?reportName=facilityAtAGlance&placeID=241053,446048,NPDES PERMIT,r9_2022_0006_acoo_signature signed dwg 03-18-21.pdf,Yes,1
9000003903,San Clemente City,City of San Clemente WRP,,9,,2016-0068-DDW,https://ciwqs.waterboards.ca.gov/ciwqs/readOnly/CiwqsReportServlet?reportName=facilityAtAGlance&placeID=255218,438059,NPDES PERMIT,amended_order_sjcoo signed dwg 03-19-25.pdf,Yes,5
9000003903,San Clemente City,City of San Clemente WRP,,9,,2016-0068-DDW,https://ciwqs.waterboards.ca.gov/ciwqs/readOnly/CiwqsReportServlet?reportName=facilityAtAGlance&placeID=255218,438059,NPDES PERMIT,att._1_to_amending_order_sjcoo.pdf,Yes,5
9000003903,San Clemente City,City of San Clemente WRP,,9,,2016-0068-DDW,https://ciwqs.waterboards.ca.gov/ciwqs/readOnly/CiwqsReportServlet?reportName=facilityAtAGlance&placeID=255218,438059,NPDES PERMIT,r9-2022-0005-a1_v3 signed dwg 03-28-24.pdf,Yes,5
9000003903,San Clemente City,City of San Clemente WRP,,9,,2016-0068-DDW,https://ciwqs.waterboards.ca.gov/ciwqs/readOnly/CiwqsReportServlet?reportName=facilityAtAGlance&placeID=255218,438059,NPDES PERMIT,r9_2022_0005_sjcoo_signature signed dwg 03-18-22.pdf,Yes,5
9000003903,Sacramento Regional County Sanitation District (Regional San),EchoWater Resource Recovery Facility,,5S,Major,2016-0068-DDW,https://ciwqs.waterboards.ca.gov/ciwqs/readOnly/CiwqsReportServlet?reportName=facilityAtAGlance&placeID=254981,443209,NPDES PERMIT,r5-2021-0019-01_npdes.pdf,Yes,5
9000003903,Sacramento Regional County Sanitation District (Regional San),EchoWater Resource Recovery Facility,,5S,Major,2016-0068-DDW,https://ciwqs.waterboards.ca.gov/ciwqs/readOnly/CiwqsReportServlet?reportName=facilityAtAGlance&placeID=254981,443209,NPDES PERMIT,r5-2021-0019-02.pdf,Yes,5
9000003903,Sacramento Regional County Sanitation District (Regional San),EchoWater Resource Recovery Facility,,5S,Major,2016-0068-DDW,https://ciwqs.waterboards.ca.gov/ciwqs/readOnly/CiwqsReportServlet?reportName=facilityAtAGlance&placeID=254981,443209,NPDES PERMIT,r5-2021-0019_npdes.pdf,Yes,5
9 000003607,San Diego City Metropolitan Wastewater Dept (Public Utilities),City of San Diego North City Pure Water Facility,CA0109398,9,Major,R9-2020-0001,https://ciwqs.waterboards.ca.gov/ciwqs/readOnly/CiwqsReportServlet?reportName=facilityAtAGlance&placeID=850597,424907,NPDES PERMIT,Adopted Amended OrderNo.R9-2020-0001 signed dwg 08-13-20.pdf,Yes,2
9000003903,San Diego City Metropolitan Wastewater Dept (Public Utilities),North City WRP,,SB,Major,2020-0015-DWQ,https://ciwqs.waterboards.ca.gov/ciwqs/readOnly/CiwqsReportServlet?reportName=facilityAtAGlance&placeID=244506,424907,NPDES PERMIT,Adopted Amended OrderNo.R9-2020-0001 signed dwg 08-13-20.pdf,Yes,2
2 417032001,San Francisco International Airport,SF Arprt Mel Leong TP-Industrl,CA0038318,2,Major,R2-2025-0002,https://ciwqs.waterboards.ca.gov/ciwqs/readOnly/CiwqsReportServlet?reportName=facilityAtAGlance&placeID=256506,459999,NPDES PERMIT,SFO Aiport NPDES Permit Order R2-2025-0002.pdf,Yes,1
2 417032001,San Francisco International Airport,SF Airport Mel Leong TP-Sanitary Waste,CA0038318,2,Major,R2-2025-0002,https://ciwqs.waterboards.ca.gov/ciwqs/readOnly/CiwqsReportServlet?reportName=facilityAtAGlance&placeID=256507,459999,NPDES PERMIT,SFO Aiport NPDES Permit Order R2-2025-0002.pdf,Yes,1
2 386009001,San Francisco Public Utilities Commission,SF - OCEANSIDE Water Pollution Control Plant,CA0037681,2,Major,R2-2019-0028,https://ciwqs.waterboards.ca.gov/ciwqs/readOnly/CiwqsReportServlet?reportName=facilityAtAGlance&placeID=256498,437599,NPDES PERMIT,R2-2019-0028.pdf,No,1
2 01NPI441309,San Leandro City,"San Leandro, City of",CA0038881,2,Minor,R2-2022-0006,https://ciwqs.waterboards.ca.gov/ciwqs/readOnly/CiwqsReportServlet?reportName=facilityAtAGlance&placeID=879361,446577,NPDES PERMIT,R2-2022-0006.pdf,No,1
9000003903,San Leandro City,San Leandro WPCP,,2,Major,R2-2022-0023,https://ciwqs.waterboards.ca.gov/ciwqs/readOnly/CiwqsReportServlet?reportName=facilityAtAGlance&placeID=255368,448549,NPDES PERMIT,EBDA - R2-2022-0023.pdf,Yes,1
9000003903,Santa Barbara City PWD,El Estero Water Resource Center NPDES,,SB,Major,2020-0015-DWQ,https://ciwqs.waterboards.ca.gov/ciwqs/readOnly/CiwqsReportServlet?reportName=facilityAtAGlance&placeID=222443,436198,NPDES PERMIT,El Estero_Final_Permit_2019-0046 pkg eff 2-1-20.pdf,No,1
9000003903,Scotts Valley,Scotts Valley WWTP,,SB,"Major, Minor",2020-0015-DWQ,https://ciwqs.waterboards.ca.gov/ciwqs/readOnly/CiwqsReportServlet?reportName=facilityAtAGlance&placeID=256011,389665,NPDES PERMIT,Scotts Valley WWTP NPDES Permit R3-2013-0001.pdf,No,2
2 494009001,Sonoma County Water Agency (SCWA),Sonoma Valley County SD WWTP,CA0037800,2,Major,R2-2024-0027,https://ciwqs.waterboards.ca.gov/ciwqs/readOnly/CiwqsReportServlet?reportName=facilityAtAGlance&placeID=257754,459395,NPDES PERMIT,Final Order Sonoma_NPDES permit_Dec 2024.pdf,Yes,1
,Sonoma Valley County Sanitation District,Sonoma Valley County SD WWTP,CA0038873,2,Major,R2-2024-0013,https://ciwqs.waterboards.ca.gov/ciwqs/readOnly/CiwqsReportServlet?reportName=facilityAtAGlance&placeID=257754,459395,NPDES PERMIT,Final Order Sonoma_NPDES permit_Dec 2024.pdf,Yes,1
2 417038001,South San Francisco City,South San Francisco-San Bruno WQCP,CA0038130,2,Major,R2-2019-0021,https://ciwqs.waterboards.ca.gov/ciwqs/readOnly/CiwqsReportServlet?reportName=facilityAtAGlance&placeID=254881,432955,NPDES PERMIT,SSFSB_Order_Finalsigned.pdf,No,1
2 283014001,St. Helena City,St. Helena City WWTP,CA0038016,2,Minor,R2-2021-0004,https://ciwqs.waterboards.ca.gov/ciwqs/readOnly/CiwqsReportServlet?reportName=facilityAtAGlance&placeID=258386,442938,NPDES PERMIT,st. helena_order r2-2021-0004.pdf,No,1
5D150118002,Stallion Springs CSD,Stallion Springs WWTF,CAC439983,5F,Minor,R5-2023-0025,https://ciwqs.waterboards.ca.gov/ciwqs/readOnly/CiwqsReportServlet?reportName=facilityAtAGlance&placeID=273191,439983,ENROLLEE - NPDES,r5-2023-0025-012.pdf,No,1
5A520102001,Tehama  Co SD #1,Mineral WWTP,CA0084069,5R,Minor,R5-2023-0040,https://ciwqs.waterboards.ca.gov/ciwqs/readOnly/CiwqsReportServlet?reportName=facilityAtAGlance&placeID=240864,445294,NPDES PERMIT,r5-2023-0040_npdes.pdf,No,2
,US Navy Treasure Island,Treasure Island WWTP/DOD,CA0038873,2,Major,R2-2024-0013,https://ciwqs.waterboards.ca.gov/ciwqs/readOnly/CiwqsReportServlet?reportName=facilityAtAGlance&placeID=266328,438627,NPDES PERMIT,R2-2020-0020.pdf,Yes,1
2 071059001,USS-Posco Industries,USS-UPI LLC - NPDES/SUB15,CA0005002,2,Major,R2-2016-0043,https://ciwqs.waterboards.ca.gov/ciwqs/readOnly/CiwqsReportServlet?reportName=facilityAtAGlance&placeID=269601,410165,NPDES PERMIT,R2-2016-0043.pdf,No,1
9000003903,Union Sanitary District,Raymond A. Boege Alvarado WWTP (Union SD),,2,"Major, Minor",R2-2022-0023,https://ciwqs.waterboards.ca.gov/ciwqs/readOnly/CiwqsReportServlet?reportName=facilityAtAGlance&placeID=269042,448549,NPDES PERMIT,EBDA - R2-2022-0023.pdf,Yes,1
5A31NP00001,United Auburn Indian Community,Thunder Valley Casino WWTP,CAC442169,5S,Minor,R5-2023-0025,https://ciwqs.waterboards.ca.gov/ciwqs/readOnly/CiwqsReportServlet?reportName=facilityAtAGlance&placeID=206730,442169,ENROLLEE - NPDES,thundervalley_wwtp_mgo_noa.pdf,No,1
9 000000732,United States Section of the International Boundary and Water Commission (USIBWC),South Bay International WWTP,CA0108928,9,Major,R9-2021-0001,https://ciwqs.waterboards.ca.gov/ciwqs/readOnly/CiwqsReportServlet?reportName=facilityAtAGlance&placeID=257821,442331,NPDES PERMIT,r9-2021-0001.pdf,No,3
7A330122021,Valley Sanitary District,Valley SD WWTP,CA0104477,7,Major,R7-2026-0003,https://ciwqs.waterboards.ca.gov/ciwqs/readOnly/CiwqsReportServlet?reportName=facilityAtAGlance&placeID=270096,464130,NPDES PERMIT,R7-2026-0003.pdf,No,3
9000003903,Victor Valley Wastewater Reclamation Authority,Victor Valley Wastewater Reclamation Authority WTP,,SB,Major,2020-0015-DWQ,https://ciwqs.waterboards.ca.gov/ciwqs/readOnly/CiwqsReportServlet?reportName=facilityAtAGlance&placeID=270419,420359,NPDES PERMIT,r6v_2020_0028_vvwra_npdes_permit.pdf,Yes,1
4B190137001,West Basin MWD,Edward C. Little Water Recycling Plant (Recycled Water Irrigation),CA0063401,4,"Major, Minor",R4-2023-0368,https://ciwqs.waterboards.ca.gov/ciwqs/readOnly/CiwqsReportServlet?reportName=facilityAtAGlance&placeID=273663,452909,NPDES PERMIT,Adopted ECLWRF NPDES CI-7449 111623.pdf,No,1
4B190137004,West Basin MWD,Juanita Millender-McDonald Carson Regional Water Recycling Plant,CA0064246,4,"Major, Minor",R4-2024-0146,https://ciwqs.waterboards.ca.gov/ciwqs/readOnly/CiwqsReportServlet?reportName=facilityAtAGlance&placeID=217061,454510,NPDES PERMIT,Adopted JMMCRWRP CI-7972 03012024.pdf,No,2
9000003903,West County Wastewater District,West County WW District WPCP,,2,Major,R2-2024-0008,https://ciwqs.waterboards.ca.gov/ciwqs/readOnly/CiwqsReportServlet?reportName=facilityAtAGlance&placeID=272082,457271,NPDES PERMIT,R2-2024-0008 West County.pdf,Yes,1
2 283019001,"Yountville, Town of",Yountville / CA Vets Home WWTP,CA0038121,2,Minor,R2-2020-0026,https://ciwqs.waterboards.ca.gov/ciwqs/readOnly/CiwqsReportServlet?reportName=facilityAtAGlance&placeID=274410,440857,NPDES PERMIT,Town of Yountville Order R2-2020-0026.pdf,Yes,1
9 000001182,US Marine Corps Base Camp Pendleton,USMC Camp Pendleton Southern Regional Tertiary Treatment Plant,CA0109347,9,Major,R9-2019-0167,https://ciwqs.waterboards.ca.gov/ciwqs/readOnly/CiwqsReportServlet?reportName=facilityAtAGlance&placeID=638334,422969,NPDES PERMIT,AmendedOrderR92019167_DigitalSignature signed dwg 12-14-21.pdf,No,5
9 000001182,US Marine Corps Base Camp Pendleton,USMC Camp Pendleton Southern Regional Tertiary Treatment Plant,CA0109347,9,Major,R9-2019-0167,https://ciwqs.waterboards.ca.gov/ciwqs/readOnly/CiwqsReportServlet?reportName=facilityAtAGlance&placeID=638334,422969,NPDES PERMIT,AmendingOrderR920210205_DigitalSignature signed dwg 12-17-21.pdf,No,5
9 000001182,US Marine Corps Base Camp Pendleton,USMC Camp Pendleton Southern Regional Tertiary Treatment Plant,CA0109347,9,Major,R9-2019-0167,https://ciwqs.waterboards.ca.gov/ciwqs/readOnly/CiwqsReportServlet?reportName=facilityAtAGlance&placeID=638334,422969,NPDES PERMIT,MCBCP_Final_Adopted_Order_R9-2019-0167.pdf,No,5
9 000001182,US Marine Corps Base Camp Pendleton,USMC Camp Pendleton Southern Regional Tertiary Treatment Plant,CA0109347,9,Major,R9-2019-0167,https://ciwqs.waterboards.ca.gov/ciwqs/readOnly/CiwqsReportServlet?reportName=facilityAtAGlance&placeID=638334,422969,NPDES PERMIT,R9-2019-0167_Amended2020 signed dwg 08-17-20.pdf,No,5
9 000001182,US Marine Corps Base Camp Pendleton,USMC Camp Pendleton Southern Regional Tertiary Treatment Plant,CA0109347,9,Major,R9-2019-0167,https://ciwqs.waterboards.ca.gov/ciwqs/readOnly/CiwqsReportServlet?reportName=facilityAtAGlance&placeID=638334,422969,NPDES PERMIT,R9-2020-0191_Final_Order signed dwg 08-17-20.pdf,No,5
