NPDES_No,PDF_File
CA0037702,R2-2020-0024.pdf
CA0038008,
CA0037559,Order R2-2024-0006.pdf
CA0037613,DSRSD - R2-2022-2024.pdf
CA0037869,EBDA - R2-2022-0023.pdf
CA0037648,
CA0038547,R2-2019-0035.pdf
CA0037770,MVSD Final Order ADA.pdf
CA0037796,R2-2023-0008.pdf
CA0037826,R2-2022-0037.pdf
CA0038539,R2-2024-0008 West County.pdf
CA0037851,
CA0037711,R2-2023-0021.pdf
CA0038067,NPDES Order R2-2023-0022.pdf
CA0038628,Final Order Central Marin Sanitation Agency.pdf
CA0038873,R2-2013-0029.pdf
CA0110116,R2-2020-0020.pdf
CA0038318,
CA0037541,R2-2023-0017.pdf
CA0038369,SVCW Order R2-2023-0003 (1).pdf
CA0037834,CA0037834 Palo Alto Order R2-2025-0003.pdf
CA0037842,CA0037842 SJ-SC Order R2-2020-0001.pdf
CA0037621,CA0037621 Sunnyvale Order R2-2020-0002.pdf
CA0038091,
CA0037699,Order R2-2023-0001.pdf
CA0038768,Order R2-2022-0019 AmCan NPDES reissue Jun-2022.pdf
CA0037575,Order_R2-2022-0003.pdf
CA0037869,EBDA - R2-2022-0023.pdf
CA0037869,EBDA - R2-2022-0023.pdf
