Place ID,FACILITY_NAME,has_kw_unit_process_data
236941,"Lewiston CSD WWTP, POTW",yes
237113,CSA 44-Zone G (Linne),yes
237149,Little Bear WWTP,yes
237252,Lockeford CSD WWTP,yes
237395,Los Alamos WWTP,yes
239190,Hoberg's Resort,yes
239317,Manila CSD WWTP,yes
239543,Mariposa Pines WWTF,yes
241053,SOCWA - Regional TP,yes
241099,Oakwood Lake WWTF,yes
241299,Monterey Bay Academy WWTP,yes
241306,Monterey Dunes Colony WWTP,yes
241545,Mount Bullion Conservation Camp,yes
241598,Mountain House WWTP,yes
242135,Malibu Bay Club WWTP,yes
243845,Napa Berryessa WTF,yes
247464,Palo Cedro WWTF,yes
247644,Park Moabi WWTF,yes
247809,Pauma Valley Treatment Plant,yes
240168,Meadowbrook WWTF (Templeton CSD),yes
240177,Meadowlark WRF,yes
240826,Millerton Lake State Rec Area,yes
240892,Mira Bella WWTF,yes
240951,Mission Hills La Purisima WWTP,yes
244250,City of Newman WWTF,yes
244348,Niland SD WWTP,yes
244360,Nipomo CSD Black Lake - Reclaimed Water Producer,yes
244361,Nipomo CSD Southland Treatment Facility,yes
244531,The Preserve at Millerton Lake,yes
245564,Oak Hills Development WWTP,yes
245581,Oak Shores Development CSA-7A,yes
247351,East County Water Recycling Facility,yes
210854,Burney STP,yes
212424,California Utilities,yes
212681,California Men's Colony WWTP,yes
212847,Camanche North Shore WWTP,yes
212962,Camp Roberts Main (West) Garrison WWTP,yes
805193,Vista Canyon Water Factory,yes
805724,JH Ranch,yes
806008,Hi-Desert WD Reclamation Facility,yes
209483,Big Basin Woods Subdivision WWTP,yes
209509,Big Creek Powerhouse No 1 WWTF,yes
209595,Bill/Kathy's WWTF,yes
209726,Black Oak General Store,yes
209999,Bombay Beach STP,yes
210116,Boulder Creek Golf & Cntry Club WWTP,yes
210156,Boys Ranch WWTF,yes
210685,Buellton WWTP,yes
897869,East County Advanced Water Purification (AWP) Project,yes
201075,Fresno Cnty #32-Cantua Creek WWTF,yes
201076,Fresno Cnty #34-Millerton New Town WWTF,yes
201077,Madera Cnty #37-La Vina WWTF,yes
897866,Sonoma West Holdings Wastewater Treatment Facility Plant No. 2 - Domestic,yes
893349,LPC Arrowhead Area 1 LP OWTS,yes
889990,Fillmore Water Recycling Plant,yes
201081,Fresno Cnty #44-D Monte Verdi Estates WWTF,yes
201082,Fresno Cnty #44A-Millerton Lake MHV WWTF,yes
201067,Madera Cnty #19-Parkwood WWTF,yes
902865,DVNP Cow Creek RO Plant,yes
901636,"Plant Sciences, Inc. Juniper Village 2, Macdoel Middle School",yes
201070,Madera Cnty #24 Teaford Meadow Lakes WWTF,yes
901334,Oroville Wastewater Treatment Plant Construction Dewatering Project,yes
201072,Madera Cnty #28 Ripperdan WWTF,yes
201073,Fresno Cnty #30-El Porvenir WWTF,yes
216491,Cypress Ridge Sewer Facility,yes
217061,Juanita Millender-McDonald Carson Regional Water Recycling Plant,yes
219146,Date Gardens MHP WWTP,yes
219169,Davenport WWTP,yes
219515,Delft Colony WWTF,yes
219649,Desert Crest WWTP,yes
219671,SCSD Desert Shores WWTP,yes
219701,Deuel Vocational Institution,yes
707492,Island Park Recreation Area - Pine Flat Lake,yes
719040,Warlow SRRA WWTF,yes
215677,North Fresno WWRF,yes
215698,Corcoran State Prison WWTF,yes
215915,Country Club Estates SLO Co CSA-18,yes
215925,Country Life MHPRV Asset Partners LP WWTP,yes
216287,County Service Area (CSA) 44 Zone E (Castello),yes
216446,Coachella Valley WD WWTP,yes
614538,Mustards Grill WWTP,yes
638334,USMC Camp Pendleton Southern Regional Tertiary Treatment Plant,yes
638757,Spalding Tract Sewer System,yes
641209,Union Mine Disposal Site,yes
647162,Foothill Horizons School,yes
647900,SCSD Thomas R. Cannell WWTP,yes
658148,Newhall Ranch WRP,yes
707474,Trimmer Recreation Area - Pine Flat Lake,yes
215141,"College of the Redwoods, POTW",yes
215236,Sac City Combined WW Collection/TRT Sys,yes
215671,Copper Cove WWRF,yes
273192,Strathmore  WWTF,yes
273195,Tranquillity WWTF,yes
273663,Edward C. Little Water Recycling Plant (Recycled Water Irrigation),yes
274505,White Wolf WWTF,yes
602499,Del Rio East HOA WWTP,yes
224827,Foothill Elementary School WWTF,yes
270563,The Villas at Butte Creek WWTP,yes
271617,Wallace Lake Estates WWTF,yes
271777,El Toro Water Dist WWRF,yes
271887,Wawona WWTF,yes
272009,Weott WWTP,yes
272109,West Point WWTF,yes
272344,Westwood STP,yes
273188,Sierra High School WWTF,yes
220495,Don Pedro Sewer Zone 1,yes
220844,Dunnigan WWTF,yes
222123,EBDA Common Outfall,yes
222129,EBMUD Pardee Center WWTF,yes
222491,El Portal WWTF,yes
223236,East Brother Light StationWWTP,yes
224179,Harris Farms Farm Labor Housing Facility,yes
273148,Hume Lake WWTF,yes
273149,I-5 & Highway 58 WWTF,yes
273152,River Island East WWTF,yes
273155,National Chavez Center WWTF,yes
273156,Tejon Industrial Complex West WWTF,yes
273161,Bear Valley CSD WWTF,yes
273175,Laton WWTF,yes
273185,Riverdale WWTF,yes
220279,"Diocese of San Joaquin, Episcopal Conference Center Oakhurst (ECCO)",yes
220385,Dixon Migrant Center WWTF,yes
273125,McFarland WWTF,yes
273126,Mendota WWTF,yes
273132,San Joaquin WWTF,yes
273133,Sanger WWTF,yes
273135,Stratford WWTF,yes
273147,Gunner Ranch Water Reclamation Plant,yes
227440,Gold Mountain WWTF,yes
227444,Gold Ridge Forest Unit 3,yes
227451,Gold Run Roadside Rests,yes
227501,Golden Hills Mobile Home Park,yes
227507,Golden Meadows STP (sand filter),yes
227781,Grant Grove WWTF,yes
228046,Groundwater Replenishment System - Advanced WTF,yes
228109,Gualala WWTF,yes
268842,"Two Harbors STP, Catalina Island",yes
268926,UC Davis Main WWTP,yes
269449,US Navy Naval Air Facility WWTP,yes
269589,USMC - Mainside WWTF,yes
269601,USS-UPI LLC - NPDES/SUB15,yes
225072,Fort Jones City WWTP,yes
227217,Glacier Point WWTF,yes
227381,New Melones Lake Glory Hole Recreation Area,yes
264740,Tooleville WWTF,yes
266310,Traver WWTF,yes
266439,Northwest WWTF,yes
266720,Tuolumne City WWTP,yes
266792,Tuttletown Recreation Area,yes
267596,Todd Road Jail WWTP,yes
268043,Encinal Canyon Water Recycling Plant on Tract 46277,yes
268548,Trancas WPCP,yes
272525,San Miguelito Wild Cherry Canyon,yes
272716,Wilseyville WWTP,yes
272975,Woods Valley Ranch Water Reclamation Facility,yes
273113,Farmersville WWTF,yes
273122,Los Banos WWTF,yes
263145,Temecula Valley RWRF,yes
263168,Tenaya Lodge WWTP,yes
263172,Tennant CSD ST/LF,yes
229466,Hacienda WWTP,yes
229559,Hammonton Gold Village WWTP,yes
229643,Happy Camp WWTP,yes
229726,HARRF DISCH to San Elijo Ocean Outfall,yes
229873,Trinity County Waterworks District #1 Hayfork WWTP,yes
230011,Helendale Silverlakes STP,yes
230092,Hensley Lake,yes
230784,Herlong Public Utility District WWTF,yes
255165,Samoa Pacific WWTP (Samoa Town Site),yes
255190,San Ardo WWTP,yes
255306,San Jerardo WWTP,yes
255393,Oasis West RV Park,yes
255653,Santa Lucia WW Recycling Facility (Prod/User),yes
255679,Santa Maria WWTP,yes
255836,"Sonoma Co Service Area 41, Zone 2, Sea Ranch Onsite Wastewater Management Zone",yes
256061,SCWA Russian River CSD,yes
257153,"Palm Springs Village-309, LLC Silvertip Resort Village WWTF",yes
257590,SOCWA Aliso Creek Ocean Outfall,yes
257592,SOCWA San Juan Creek Ocean Outfall,yes
257687,Solvang WWTP,yes
258004,Southworth Ranch Estates WWTF,yes
258186,Spreckels WWTP,yes
258743,Stoco WWTF,yes
255003,Copper Cove WWRF,yes
259155,Idyllwild WD WWTP,yes
259166,IEUA Regional Plant No. 2,yes
259218,Wilderness Lakes WWTP,yes
259223,Sun City RWRF,yes
260486,Jose Flores WWTP,yes
263072,Tehachapi Correctional Inst WWTF,yes
256506,SF Arprt Mel Leong TP-Industrl,yes
256772,Kern Cnty Sheriff's Lerdo WWTF,yes
235208,Konocti Harbor Resort,yes
235798,La Contenta WWT & RF,yes
236190,Lake California WWTP,yes
236222,Lake Isabella WWTF,yes
236252,Lake San Antonio Southshore WWTP,yes
236258,Lake Shastina CSD STP,yes
236597,Las Gallinas Sludge App,yes
236772,Lebec SRRA (Tejon Pass),yes
251695,Rancho Murieta CSD WWT & Rec,yes
252211,Redway POTW,yes
252660,Richvale WWTF,yes
252700,Ridgemark Estates WWTP,yes
234146,Fresno Cnty Juvenile Justice WWTF,yes
234915,Kern Valley State Prison WWTF,yes
235021,King City Domestic WWTF,yes
235088,Kirkwood Meadows WWTF,yes
248476,Pioneer Creek MH Community,yes
248713,Pleasant Ridge Elementary School WWTP,yes
248717,Pleasant Valley State Prison WWTF,yes
248742,Plumas Eureka Estates WWTF - WWTP 7,yes
248787,Poe Colonia (Cady Subdivision),yes
249771,Paradise Ranch WWTP,yes
251631,Rancho Colina MH Estates STP,yes
251675,Rancho Larios WWTP,yes
232098,I-5 & Panoche Road WWTF,yes
232360,Indian Rock Vineyards Subdivision (IRVS) WWTF,yes
232363,Indian Springs Wastewater Treatment Facility,yes
233409,Jalama Beach County Park WWTP,yes
234117,Julian Water Pollution Facility,yes
248269,Philip S Raine SRRA,yes
248424,Pine Grove Community Leachfield System,yes
248439,Pine Valley WW Polltn Cntl Fac (Pine Valley Sanitation District) OWTS,yes
213580,"CCC @ Susanville, CSP-LC WTF",yes
213604,CDF Parlin Fork Conservation Camp,yes
213850,CA Dept of Corrections Centinela WWTP,yes
214483,Madera Cnty #14-Chukchansi WWTF,yes
214559,Circle Oaks WWTF,yes
214873,Clover Creek WWTF,yes
214899,Clovis WWTF,yes
214957,Coalinga State Hospital WWTF,yes
747480,SCLA Central WWTP-Victorville Water Dist,yes
761903,VVWRA- Sub-Regional Plant-Hesperia,yes
761913,VVWRA Sub-Regional Plant-Apple Valley,yes
766558,Willow Creek Apartments,yes
771804,Kendall-Jackson Wine Center Domestic Waste,yes
212973,Camp Sugar Pine,yes
213270,Carlsbad WRF,yes
213409,Casa Del Rey HA,yes
731257,Pajaro Valley WMA and City of Watsonville Water Reclamation,yes
736188,Lake Cnty SD Kelseyville WWD No. 3 Kelseyville WWTF,yes
737529,Camp Mather,yes
739154,Tejon Mountain Village,yes
739749,Rancho Seco Recreational Area WWTF,yes
739902,SYSCO Food Services of Sacramento,yes
740731,Tejon Industrial Complex East WWTF,yes
741089,Camanche North Shore Recreation Area Water Treatment Plant Land Application,yes
812326,Willow Creek CSD WWTF,yes
815299,McCabe Municipal WWTP,yes
815678,"Greek Orthodox Monestery of the Theotokos, The Life Giving Spring",yes
816488,Silver Oak Cellars - Highway 128 Alexander Valley (Domestic Waste),yes
816491,"Lower Grove OWTS, Mariposa Grove of Giant Sequoias",yes
817457,Tesoro Viejo WWTP,yes
822928,Big Rock Ranch Recycled Water,yes
729031,Shandon Roadside Rest Area,yes
201087,Madera Cnty #7-Marina View Heights WWTF,yes
204475,Adelanto WWTP,yes
204492,Admin Center & Oak Shores Day Use Area,yes
205205,Almanor Lakeside Villas WWTF,yes
206381,Arnold WWTP,yes
206529,Ash Mountain WWTF,yes
206651,Atascadero State Hospital,yes
206730,Thunder Valley Casino WWTP,yes
208930,BB Reg WWA-Lucerne Vly,yes
209007,Beale AFB WWTP,yes
824400,Cayucos SD WWTP,yes
826481,South Entrance Wastewater Facility,yes
833707,CDOT Collier Tunnel Rest Area,yes
835076,EZ Trip 1277,yes
835078,Sterling Natural Resource Center WWTF,yes
835506,University of California Animal Health and Food Safety (CAHFS) Laboratory,yes
836454,Buttonwillow Safety Roadside Rest Area,yes
837951,"John ""Chuck"" Erreca SRRA",yes
838760,Antelope Acres Commercial Center,yes
840718,White Point Outfall Manifold Construction Dewatering Project,yes
846371,Membrane Filtration/Reverse Osmosis Facility - Escondido,yes
849194,Civita Water Reclamation Facility,yes
851487,Valley Wells Rest Area,yes
859673,Calexico Border Patrol Station,yes
860254,Microsoft Silicon Valley Recycled Water System,yes
862046,Google Bay View Campus,yes
872487,City of Tulare WWTF,yes
888692,Hyperion Advanced Water Purification Facility,yes
903974,Plumas Eureka Estates WWTF - WWTP 6,yes
864895,Sharon Heights Recycled Water Facility,no
866484,Oxnard Advanced Water Purification Facility (AWPF),no
867598,San Nicolas Island WWTP,no
869528,Del Rio Lago Wastewater System,no
869661,SWIP - Advanced Water Treatment Facility,no
872382,"Burke Property, OWTS",no
855819,Knights Bridge Winery - Domestic,no
856455,B & R Livestock Washout,no
858381,Region 2 Watershed Nutrient Permittees,no
864305,Nancy Wright Regional Water Reclamation Facility,no
825789,"OWTS at 100 Lagunitas Road, Lagunitas, Marin County",no
826202,"OWTS at 195 Resaca Ave, Forest Knolls, Marin Co",no
826844,City of Pacific Grove WWTF,no
830415,Santa Paula Water Recycling Facility,no
208536,Bailey Creek WWTF,no
208572,Baker WTF,no
208746,BARRET COVE Recreation Area,no
208771,Barstow/Daggett Airport WTF,no
209086,Beckwourth WW Ponds,no
209225,Ben Lomond Conservation Camp,no
206355,Armona CSD WWTF,no
206726,Auburn LK Onsite WW Disp,no
206732,Auburn Valley CSD WWTF,no
208519,Badger Pass WWTF,no
205259,Alpine Meadows/Whispering Wood,no
205396,Amador City WW Export System,no
205398,Amador County Regional Outfall,no
205543,American River Resort WWTP,no
205781,Angel Island State Pk - WWTP,no
206149,Arbuckle WWTP,no
201083,Fresno Cnty #47-Quail Lake WWTF,no
201085,Madera Cnty #6-Lake Shore Park WWTF,no
201088,Madera Cnty #8A-North Fork WWTF,no
202611,4-S Ranch Water Reclamation Facility,no
204486,Adin CSD,no
239451,Marconi Conference Center WWTP,no
239542,Mariposa Lodge- Onsite Sewage System,no
239591,Markleeville Wstwtr Trtmnt Sys,no
239773,EID Master Reclamation Permit,no
239789,Mata Amritanandamayi WWTP Pond System,no
239875,Maxwell Roadside Rest Station,no
239889,Mayacama Golf Club LLC,no
237867,Lagunitas School WWTP,no
237922,Lake Hughes Community WWTF,no
238315,Limoneira WWTP,no
239038,Mace Meadows Leachfield/Fairway Pines Leachfield,no
239130,Madison WWTF,no
239291,Mammoth Mtn Ski Area WTF,no
237194,"V.A. Med Center, Livermore-WWTP",no
237286,Log Cabin Ranch WWTP,no
237325,Lone Pine WWTF,no
237543,Lower Moosa Canyon Recl Facil,no
237748,La Canada WWRP,no
236926,Lewis Carroll School,no
236967,Liberty High School WWTF,no
236985,Lift Station Equalization Pond,no
237069,Linden Co Water Dist WWTF,no
237114,Linnell Farm Labor Center,no
237123,Lion's Gate Reserve,no
242186,Malibu WPCP,no
242648,Meadowood Resort WWTP & Reuse,no
242706,Mendenhall-Munz Boys Camp WWTP,no
243377,Moorpark WRF - WRR,no
243988,Naval Radio Transmitting Fac,no
244080,Needles WWTP,no
241266,"Montair Subdivision, STP",no
241376,Moore's Resort WWTP Sewage Ponds,no
241479,Morro Bay/Cayucos WWTP,no
241826,Mountain Home Conservation Camp,no
240914,Miramonte Conservation Camp,no
241111,Moccasin Powerhouse,no
241143,Modesto Reservoir WWTP,no
239947,McSwain Rec Area WWTF,no
240003,McClure Lake Boat Club Trailer Park,no
240004,McClure Pt Rec Area,no
240289,San Mateo Memorial Park WWTP,no
240555,Mi-Wuk Village WW System,no
240716,Harney Lane Migrant Center,no
247509,Papas Taverna WWTP OWTS,no
247616,Pardee Reservoir Recreation Area,no
247731,Pasadera Reclamation Facility (Producer),no
247940,Penn Valley WWTP,no
247966,Peoria Flat Baseline Conservation Camp,no
245554,Oak Creek MHP WWTF,no
245805,Odd Fellows WWTF,no
246203,Orland WWTP,no
246381,Hartland Christian OWTS,no
247301,Pacific Union College WWTP,no
244565,North San Juan WW Facility,no
244567,North Shafter Farm Labor Camp,no
244646,Lake San Antonio Northshore WWTP,no
244703,Novato SD Recycled Water (2y) to Pasture,no
244785,NW Regional Waste Disp Fac,no
245520,O'Shaughnessy WWTP,no
245524,I-5 @ O'Brien SRRA,no
244174,New Don Pedro WW Facilities,no
244186,New Hogan Lake Recreational Areas,no
244392,EBMUD Recycled Water- North Richmond Water Reclamation Plant,no
244529,North Fork Mill Housing Facility,no
236755,Deer Meadow Leachfield,no
236765,Leavitt Lake Sewage Treatment Ponds,no
236786,Lee Vining WTF,no
236838,Leland Meadow WWTP,no
236857,Lemoore NAS WWTF,no
236887,Leonhardt Ranch Reclamation,no
236888,Leoni Meadows Retreat Camp,no
236297,I-5 @ Lakehead SRRA,no
236309,Lakeshore Resort at Bucks Lake,no
236336,Lakeside Trailer Park,no
236596,LAS GALLINAS Recycled Water- Pasture Irrigation,no
236601,Las Palmas Ranch Reclamation Facility,no
235102,Klamath CSD STP (Del Norte Community Development),no
236178,Lake Almanor West,no
236192,Lake Canyon Community WWTP,no
236225,Lake Kaweah/Terminus Dam,no
234126,June Mtn Ski Area Chalet,no
234854,Kern Co CSA 40-Pine Mountain Club,no
234913,Kern Valley Healthcare District WWTF,no
235051,Kings Canyon MHP,no
251975,"Reclam,OCWD-Green Acres",no
252254,Redwood Park STP,no
252613,Richardson Springs CSD,no
252695,Ridgecrest WTF,no
252762,Rio Ramaza WW Disposal Ponds,no
251021,Point Dume Club WWRP,no
251110,Quail Valley REC Park,no
251660,Creekside Village,no
251805,Rawhide Mobile Home Park WWTF,no
251857,Richardson Bay SD- Recycled Water,no
248903,Port Sonoma Marina WWTP Pond,no
248933,Portola Redwood State Park WWTP,no
249211,Princeton WWTP,no
248242,Pheasant Landing III HA WWTP,no
248442,Pinecrest WWTP,no
248573,Pla-Vada Community Assoc STP,no
248629,Plant #12,no
232428,Sanger Industrial WWTF,no
232429,Industrial WWTP,no
232625,Inyokern CSD WTF,no
232641,"Irish Beach Subdivision Units 1,2,3,4",no
232721,Isleton WWTP,no
230825,Humane Society of Sonoma County,no
230914,Huntington Pines Mutual Water Company,no
232097,I-5 & Jayne Avenue Facility,no
232151,Institute Noetic Science WWTP Mound System,no
232170,Super Store Industries Stockton,no
230034,Helms Housing & Support Facility,no
230037,PG&E Helms Plant,no
230118,Heritage House,no
230181,Hess Winery WWTP Pond System,no
230282,Hidden Valley Lake WRF,no
230290,Higgins Village WWTF,no
230706,Horseshoe Bend REC Area,no
229145,Granite Bay State Park,no
229817,Atlas Business Park,no
256005,Scotts Flat Reservoir Rec Area,no
256012,Scotts Valley WWTF Producer,no
256038,SCRWA Reclamation Facility and Use Areas,no
256057,SCWA Oceanic Properties Sea Ranch Central Plant,no
256154,Sonoma Raceway WWTP Ponds & Recycled Water,no
256218,Seeno Duck Club WWTP Evap Pond,no
255396,San Luis State REC Area,no
255417,San Mateo Co Honor Camp WWTP,no
255468,San Vicente WWTP,no
255535,Sandy Mush WWTF,no
255649,Santa Fe Valley WTP,no
255172,Samuel P Taylor St Pk WWTP,no
255372,San Lucas WWTF,no
255382,Gianelli (San Luis) Pump-Generate Plant WWTF,no
255383,San Luis Rec Area/Basalt Camp,no
255386,San Luis Rey Water Reclamation Facility - Recycled Water and Pure Water,no
252782,Ripon Industrial & Domestic TP,no
252813,River City WWTF,no
253256,Rollins Reservoir Rec Areas,no
253766,Rancho Las Virgenes Farm,no
254304,River Community STP,no
255081,Salida WWTP,no
255136,Lytton Rancheria Lytton Springs Facility,no
258160,Napa Valley Marina Sewage Ponds,no
258677,Stillwater WWTP Reclamation,no
258683,"Stinson Beach- OWTS in Stinson Beach, Marin County",no
258777,Stonehurst SD-6 WWTP,no
258792,Stones-Bengard Sewage Treatment Ponds,no
259143,Stovepipe Wells Village,no
257648,Twin Creek Condominiums (Solano Co) WWTP,no
257927,Southeast Regional WW System,no
258043,Spanish Flat WWT & Disposal Facility,no
258159,Spirit Rock Meditation Center WWTP,no
256695,Martinez Refining Company WWTP,no
256893,Sierra Army Depot Sewage Treatment Plant,no
256920,Sierra Conservation CTR-WWTP-1 (NON15),no
256972,Sierra Ridge WWTP,no
257388,Skywalker Ranch WWTPs,no
257519,SMWD-Nichols Reseach Inst WRF,no
256301,Badger Hill Septic Tank Management Program,no
256307,Sequoia Dawn Apartments WWTF,no
256309,Sequoia Field WWTF,no
256315,Rush Creek OWTS,no
256316,Sequoia Woods/Mountain Retreat WWTF,no
256477,Auberge Du Soleil WWTP,no
256483,Soledad Water Reclamation Facility,no
260064,San Clemente Island WWTP,no
260176,San Luis Hills WWTF,no
262987,Taylorsville STP,no
262995,TCWD - Crystal Canyon WRP (Formerly Goren WWTP),no
262996,TCWD Robinson Ranch WRF,no
263080,Tehama-Colusa Canal Facility Sewage,no
259219,Thousand Trails RV Park - Idyllwild,no
259226,Wagon Train Road Package Plant,no
259325,Success Reservoir Campground,no
259336,Sugar Pine OWTS,no
259508,Sunnyvale Recycled Water Program,no
259717,Sutter Creek WWTP,no
259187,Creekside MHP WWTP,no
259190,Forest Home CC WWTP,no
259194,EVMWD Horsethief Canyon WWTP,no
259197,Lytle Creek WWTP,no
259198,Western Water Recycling Facility,no
259201,Farm MWC WWTP,no
259204,Pine Springs Ranch WWTP,no
259212,Silent Valley RV Park WWTP,no
259152,Rancho Caballero WWTP,no
259153,Western Hills WWRF,no
259157,Lake Hemet MWD WWTP,no
259160,Running Springs WWTP,no
259163,STP 10 & 11,no
259185,CIM WWTP,no
227980,Gridley WWTF,no
228016,Grizzly Creek Ranch WWTF,no
228018,Grizzly Ranch CSD,no
228067,Growlersburg Conservation Camp,no
228152,Toribio Gutierrez Sewage Ponds,no
229051,Gorman WWTP,no
227503,Golden Hills WWTF,no
227713,Graeagle Meadows Townhomes,no
227918,Greenville Wastewater Ponds,no
227962,Grenada Sanitary District STP,no
227140,Gibson Canyon Creek WWTP,no
227352,Glenwood Boys Ranch WWTP,no
227425,Gold Beach Park,no
227445,"Gold Ridge HA, UNIT III",no
224889,Forest Meadows WWT & RP,no
224893,Forest Springs WWTF,no
225411,French Ranch Community WWTP,no
225534,Fort Hunter Liggett WWTP,no
225881,Fillmore WWTP and Wastewater Recycling Plant,no
226847,Gayla Manor WWTP,no
227080,Gerber STP,no
269335,Upper Sherman Tree OWTS,no
269534,USACOE Lake Sonoma Waste System,no
269584,USFS Orleans Ranger Station STP,no
269591,USMC-MWTC WWTC,no
266795,Twain Harte WWTP,no
267585,Tivoli Cove WWTP,no
267637,Top O'Topanga Community Association WWTP,no
268923,"UC Davis, Bodega Marine Lab (WDR)",no
264856,Toyon Middle School,no
266519,Trona & Pioneer Point WTF,no
266620,I5 Eastside Wastewater Discharge Ponds,no
263090,Tejon Ranch - Grapevine,no
263091,Tejon Headquarters WWTF,no
263621,Thornton Farm Labor Camp,no
264524,Ratna Ling Retreat Center,no
264662,Tomales Village WWTP,no
272945,Woodfords Indian Colony WTDF,no
272986,Woodville Farm Labor Center,no
272989,Woodward Reservoir Reg Park,no
273114,Firebaugh WWTF,no
273124,Maricopa Wastewater Disposal Facility,no
272434,WHITE OAKS SUBDIVISION Onsite WW Treatment System,no
272456,Whitehawk Ranch WWTP,no
272480,Whitmore Maintenance Station,no
272537,Wild Wings Water Recycling Facility,no
272563,Wildwood Est Leachfield,no
272758,Windflower Point STP,no
271808,San Luis Obispo Water Reclamation Facility,no
271942,Weed Shastina WWTP,no
272279,Westley Comm Sewage Trt Fac,no
270105,Valley Springs SD WWTF,no
270618,Vintners Inn,no
271593,Walker Creek Ranch WWTP,no
271740,Wasco State Prison WWTF,no
271771,Napa Valley Country Club WWTP Ponds,no
271772,St Helena Hospital WWTP,no
224057,Fairbanks Ranch WPCF,no
224084,Fairfield-Suisun Water Recycling,no
224125,Fall River Mills STP,no
224429,"Fiero Lane Water Company, Inc.",no
224503,FIRESTONE BUSINESS PARK Onsite WW Treatment System,no
224692,Flying J #613,no
222436,El Dorado MHP WWTF,no
222442,"El Estero Reclamation Facility, Recycle Water Use",no
222624,Elkhorn Safety Roadside Rest Area,no
222628,Elkus Youth Ranch WWTP,no
222803,Englebright Lake WWTF,no
222947,Esparto CSD WWTF,no
220932,Desert Water Agency Recycled Water Facility,no
221974,Eagles Nest Leachfield,no
221988,Early Intake Wastewater System,no
222071,Eastern Sierra CSD WWTF,no
222144,Echo Mars Ponds,no
222359,Avenal State Prison-Effluent Storage Reservoir,no
220454,DOMESTIC WASTEWATER T&DFs,no
220469,Livingston Domestic WWTF,no
220470,Domestic WWTF (SAC CO SD 1),no
220494,Don Pedro Houseboats/Mini Mart,no
220804,Duffy's Myrtledale WW Ponds,no
220841,Dunnigan Roadside Rest WWTF,no
273177,Lemon Cove WWTF,no
273179,Lost Hills WWTF,no
273184,Richgrove WWTF,no
273186,Santa Nella WWTF,no
273189,Snelling WWTF,no
273190,Springville WWTF,no
273159,Yosemite-Mariposa KOA WWTF,no
273163,Biola WWTF,no
273164,Buttonwillow WWTF,no
273169,Earlimart WWTF,no
273176,Le Grand WWTF,no
273141,Hilmar CWD WWTF,no
273142,Kern Sanitation Authority WWTF,no
273145,Canyon Fork WWTF,no
273128,Parlier WWTF,no
273130,Porterville WWTF,no
273136,Tehachapi WWTF,no
219551,Delta Conservation Camp,no
219738,USDI NPD Devils Postpile Facilities,no
220429,Dodge Ridge Resort WWTF,no
219219,Davis Migrant Center WWTF,no
219280,"DDJC, Tracy - WWTP, Stormwater",no
219395,Deer Creek RV Park,no
219497,Del Rio CSD WWTF,no
219502,Del Valle Regional Park WWTP,no
216284,CSA 3-Lake Camanche WWTP,no
216322,CWMS WWTP (at Markham Vineyards),no
216797,Camp Arroyo at Del Valle R.P.,no
216832,Camrosa Water Reclamation Facility,no
216087,Creekside Subdivision,no
216135,Crestline SD Three WTF's,no
216157,Crocker Mountain Estates STP,no
216283,CSA 15 - STP,no
709408,Marshall Community WWTP,no
718887,The Farmhouse Inn,no
719232,Kings River UESD OWTS,no
721549,Cascade MHP WWTF,no
722666,Mayacama Ranch,no
723734,Delta Diablo SD Recycled Water Program (RB2),no
643085,Lytle Creek North WWTP,no
274506,Yosemite Pines RV Park,no
274512,Yosemite Vista Estates,no
274513,Yosemite West MD WWTF,no
274534,Yreka Biosolids Disposal Facility,no
274558,Yuba Cnty Motorplex WWTF,no
602220,Bohemian Grove,no
273193,Terra Bella WWTF,no
274498,Yosemite Lakes Campground,no
274503,Yosemite Nat Prk Hodgdon MDW,no
274504,Tuolumne Meadows WWTF,no
214903,Yosemite Lakes Clubhouse Facility,no
215073,Colonel Allensworth State Historic Park,no
215515,"Consolidated Tribal Health Project, Inc.",no
215637,Cool Village WWTF,no
214008,CDF Chamberlain Creek Conservation Camp,no
214327,Chico Mobile Country Club WWTP,no
214541,Cinnabar Hills Golf Club WWTP,no
214660,San Jose City Family Camp,no
213592,CDC CCWF & VSP WWTF,no
213596,CDC Pelican Bay Prison WWTP,no
213791,Cedar Grove WWTF,no
213792,Cedar Lodge WWTF,no
213947,Ceres WWTP,no
213029,Canada Woods Reclamation Facility,no
213154,Caples Lake Maint Station,no
213294,Carmel Valley Ranch WWTP (Producer),no
213470,Caspar South Water District,no
213561,Carmel Reclamation,no
765314,SASM Recycled Water Program,no
766648,Malibu Civic Center WWTF,no
766948,"Sonoma-Cutrer Vineyards, Inc. Domestic Waste",no
768050,Maxwell PUD and Francis Crinella Biosolids Land Application Proj,no
769213,Novato Sanitary District Recycled Water (3y),no
770632,Jordan Winery Onsite Wastewater Treatment System (Domestic Waste),no
753205,EBMUD Recycled Water - RARE WTP,no
754176,Chimney Rock Winery WW Pond,no
759028,SCICON WWTF,no
759421,Wal-Mart Hanford Pharmacy Distribution Facility,no
764881,Napa Sanitation District Recycled Water Program,no
764886,American Canyon Water Recycling Program,no
741394,Central Contra Costa SD Water Recycling,no
750984,Nick's Cove & Cottages WWTP,no
726877,Caruthers WWTF,no
726883,Pixley WWTF,no
726996,Monterey Regional Reclamation (Producer),no
735383,Mammoth Lakes WTP Teritiary Unit,no
820261,Westley Safety Roadside Rest Area,no
821955,Teen Challenge of Southern California,no
822816,Los Osos Water Recycling Facility,no
824178,Edward C. Little WRP- West Coast Basin Barrier Project - Expansion Phase III,no
808744,Santa Rosa City Biosolids - Stone Farm,no
813804,Crestview Maintenance Station Wash Rock,no
815161,Santa Rosa City Biosolids - Alpha Farm,no
815162,Santa Rosa City Biosolids - Brown Farm,no
816191,San Francisco PUC HQ Living Machine RW Facility,no
804421,"Family Ranch, Inc.",no
805968,Pure Water Monterey Groundwater Replenishment Project,no
806315,Ukiah City Recycled Water Program,no
807214,Riverstone WWTF,no
807814,Winters City WTF,no
773960,Rancho Cielo Youth Campus,no
776914,CDPR Prairie Creek Redwoods (WDR),no
777018,Silicon Valley Advanced Water Purification Center (Valley Water),no
782065,Harmony Grove Water Reclamation Plant,no
784780,Scotia Town - City,no
785242,Russell City Energy Center Recycled Water Facility,no
793760,Friant Ranch WWTF,no
800038,Graeagle WWTP,no
210925,Butte CSA 21 Skansen Ponds and Rocky Bluffs,no
212397,California Pines CSD,no
212648,California City WTF,no
212853,Camanche South Shore WWTP,no
210656,Bucks Creek Sewer Facility,no
210659,Bucks Lake Sewer Facilities,no
210829,Burger King/Texaco Leachfield,no
210913,Butte College WWTP,no
209662,Bishop Sewage Treatment Plant,no
209670,Nevada City School of the Arts WWTF,no
209809,Blue Mountain Center WWTP Ponds,no
209987,Bolinas Community WWTP Pond System,no
210068,Millerton Creek Ranch Sewage Pond Facility,no
210082,Boron STP,no
209349,Berryessa Pines WWTF,no
209383,Motel 6 and Americas Best Value Inn Wastewater Treatment System,no
209527,Big Pine Indian RES WTF,no
209528,Big Pine STP,no
209539,Big Trees County Houses WWTP,no
201080,Fresno Cnty #41-Shaver Lake WWTF,no
894553,Esther Formula USA,no
201079,Fresno Cnty #40-Shaver Springs WWTF,no
201078,Fresno Cnty #38-Sky Harbour WWTF,no
201074,Fresno Cnty #31B-Shaver Lake WWTF,no
201071,Madera Cnty #27-Goldside Estates WWTF,no
902560,Bailey Ranch Biosolid Land Application Project,no
902801,Swafford OWTS,no
201069,Madera Cnty #22A-Oakhurst WWTF,no
201068,Madera Cnty #2-Bass Lake WWTF,no
201064,Fresno Cnty #1-Tamarack Estates WWTF,no
