Place ID,WDID,Facility Name,Agency,Region,Major/Minor,Order_No,NPDES No.,Facility_URL,Reg_Measure_ID,Reg_Measure_Type,Addtl_Reg_Measure_ID,Addtl_WDID,PDF_File,Shared_PDF,Total_PDFs_Available,txt_file,extraction_file
209551,5A04NC00067,City of Biggs WWTP,Biggs City,5R,Minor,R5-2020-0008,,https://ciwqs.waterboards.ca.gov/ciwqs/readOnly/CiwqsReportServlet?reportName=facilityAtAGlance&placeID=209551,421669,WDR,,,r5-2020-0008_wdr.pdf,No,1.0,r5-2020-0008_wdr.txt,r5-2020-0008_wdr_City_of_Biggs_WWTP.json
259169,8 362918001,IEUA Regional Plant No. 5,Inland Empire Utilities Agency,8,Major,R8-2022-0041,CA8000409,https://ciwqs.waterboards.ca.gov/ciwqs/readOnly/CiwqsReportServlet?reportName=facilityAtAGlance&placeID=259169,448253,NPDES PERMIT,,,R8-2022-0041_IEUA_ RWRFs_WDR_and_MRP.pdf,Yes,1.0,R8-2022-0041_IEUA_ RWRFs_WDR_and_MRP.txt,R8-2022-0041_IEUA_ RWRFs_WDR_and_MRP_IEUA_Regional_Plant_No_5.json
234156,4B190107013,A.K. Warren Water Resource Facility,Joint Outfall System,4,Major,R4-2023-0181,CA0053813,https://ciwqs.waterboards.ca.gov/ciwqs/readOnly/CiwqsReportServlet?reportName=facilityAtAGlance&placeID=234156,452398,NPDES PERMIT,,,Adopted JWPCP PERMIT NPDES CI-1758 05252023.pdf,No,2.0,Adopted JWPCP PERMIT NPDES CI-1758 05252023.txt,Adopted JWPCP PERMIT NPDES CI-1758 05252023_A_K_Warren_Water_Resource_Facility.json
239343,5B390104001,City of Manteca WW Quality Control Facility,Manteca City,5S,Major,R5-2021-0003,CA0081558,https://ciwqs.waterboards.ca.gov/ciwqs/readOnly/CiwqsReportServlet?reportName=facilityAtAGlance&placeID=239343,442750,NPDES PERMIT,,,r5-2021-0003_npdes.pdf,No,1.0,r5-2021-0003_npdes.txt,r5-2021-0003_npdes_City_of_Manteca_WW_Quality_Control_Facility.json
257592,9 000000175,SOCWA San Juan Creek Ocean Outfall,SOCWA-San Juan Creek Ocean O/F,9,Major,R9-2022-0005,CA0107417,https://ciwqs.waterboards.ca.gov/ciwqs/readOnly/CiwqsReportServlet?reportName=facilityAtAGlance&placeID=257592,438059,NPDES PERMIT,,,r9-2022-0005-a1_v3 signed dwg 03-28-24.pdf,Yes,5.0,r9-2022-0005-a1_v3 signed dwg 03-28-24.txt,r9-2022-0005-a1_v3 signed dwg 03-28-24_SOCWA_San_Juan_Creek_Ocean_Outfall.json
268043,4B190107100,Encinal Canyon Water Recycling Plant on Tract 46277,"BMIF/BSLF II Rancho Malibu Ltd.c/o Vintage Rancho Malibu, LLC",4,,R4-2013-0019,,https://ciwqs.waterboards.ca.gov/ciwqs/readOnly/CiwqsReportServlet?reportName=facilityAtAGlance&placeID=268043,376755,WDR,,,7020_R4-2013-0019_WDR_PKG.pdf,No,1.0,7020_R4-2013-0019_WDR_PKG.txt,7020_R4-2013-0019_WDR_PKG_Encinal_Canyon_Water_Recycling_Plant_on_Tract_46277.json
209726,5C221004001,Black Oak General Store,"Baer, William",5F,,97-010-DWQ,,https://ciwqs.waterboards.ca.gov/ciwqs/readOnly/CiwqsReportServlet?reportName=facilityAtAGlance&placeID=209726,375565,ENROLLEE - WDR,,,noa_100610_sjp.pdf,No,2.0,noa_100610_sjp.txt,noa_100610_sjp_Black_Oak_General_Store.json
851487,6B361809001,Valley Wells Rest Area,CA Dept of Transportation DO8 (San Bernardino-Riverside Office) Caltrans,6V,,R6V-2021-0022,,https://ciwqs.waterboards.ca.gov/ciwqs/readOnly/CiwqsReportServlet?reportName=facilityAtAGlance&placeID=851487,425537,WDR,,,R6V-2021-0022_WDR Order_Caltrans Valley Wells.pdf,No,1.0,R6V-2021-0022_WDR Order_Caltrans Valley Wells.txt,R6V-2021-0022_WDR Order_Caltrans Valley Wells_Valley_Wells_Rest_Area.json
805193,4A190117002,Vista Canyon Water Factory,City of Santa Clarita ,4,,R4-2020-0049,,https://ciwqs.waterboards.ca.gov/ciwqs/readOnly/CiwqsReportServlet?reportName=facilityAtAGlance&placeID=805193,434331,WDR,,,10041_R4-2020-0049_WDR.pdf,No,3.0,10041_R4-2020-0049_WDR.txt,10041_R4-2020-0049_WDR_Vista_Canyon_Water_Factory.json
209999,7A330105021,Bombay Beach STP,Coachella Valley WD,7,,R7-2013-0024,,https://ciwqs.waterboards.ca.gov/ciwqs/readOnly/CiwqsReportServlet?reportName=facilityAtAGlance&placeID=209999,389822,WDR,,,2013_0024cvwd_bombay_beach_wdr_mrp.pdf,No,1.0,2013_0024cvwd_bombay_beach_wdr_mrp.txt,2013_0024cvwd_bombay_beach_wdr_mrp_Bombay_Beach_STP.json
259173,8 332181001,Corona WWRF #2,Corona City DWP,SB,,2020-0015-DWQ,,https://ciwqs.waterboards.ca.gov/ciwqs/readOnly/CiwqsReportServlet?reportName=facilityAtAGlance&placeID=259173,374041,WDR,,,"11-015_City of Corona, DWP Reissuance of WDR_Fac2.pdf",No,1.0,"11-015_City of Corona, DWP Reissuance of WDR_Fac2.txt","11-015_City of Corona, DWP Reissuance of WDR_Fac2_Corona_WWRF_2.json"
201076,5C100106003,Fresno Cnty #34-Millerton New Town WWTF,County of Fresno,5F,,R5-2008-0127,,https://ciwqs.waterboards.ca.gov/ciwqs/readOnly/CiwqsReportServlet?reportName=facilityAtAGlance&placeID=201076,351167,WDR,,,r5-2008-0127[1].pdf,No,1.0,r5-2008-0127[1].txt,r5-2008-0127[1]_Fresno_Cnty_34_Millerton_New_Town_WWTF.json
240892,5B10NC00014,Mira Bella WWTF,Fresno County Waterworks District No. 18,5F,,2014-0153-DWQ,,https://ciwqs.waterboards.ca.gov/ciwqs/readOnly/CiwqsReportServlet?reportName=facilityAtAGlance&placeID=240892,445353,ENROLLEE - WDR,,,Mira Bella WWTF_NOA_2014-0153-DWQ-R5379.pdf,No,2.0,Mira Bella WWTF_NOA_2014-0153-DWQ-R5379.txt,Mira Bella WWTF_NOA_2014-0153-DWQ-R5379_Mira_Bella_WWTF.json
815678,5C10NC00195,"Greek Orthodox Monestery of the Theotokos, The Life Giving Spring",Greek Orthodox Monestery of the Theotokos,5F,,2014-0153-DWQ,,https://ciwqs.waterboards.ca.gov/ciwqs/readOnly/CiwqsReportServlet?reportName=facilityAtAGlance&placeID=815678,401337,ENROLLEE - WDR,,,2014-0153-DWQ-R5184.pdf,No,2.0,2014-0153-DWQ-R5184.txt,2014-0153-DWQ-R5184_Greek_Orthodox_Monestery_of_the_Theotokos_The_Life_Giving_Spring.json
248787,7A131006001,Poe Colonia (Cady Subdivision),Imperial Cnty Dept Community & Economic Dev,7,,R7-2023-0015,,https://ciwqs.waterboards.ca.gov/ciwqs/readOnly/CiwqsReportServlet?reportName=facilityAtAGlance&placeID=248787,453495,WDR,,,R7-2023-0015.pdf,No,1.0,R7-2023-0015.txt,R7-2023-0015_Poe_Colonia_Cady_Subdivision.json
226637,9 000000206,Gafner Water Reclamation Facility,Leucadia Wastewater District,9,,R9-2004-0223,,https://ciwqs.waterboards.ca.gov/ciwqs/readOnly/CiwqsReportServlet?reportName=facilityAtAGlance&placeID=226637,132715,WDR,,,R9-2004-0223 .pdf,No,1.0,R9-2004-0223 .txt,R9-2004-0223 _Gafner_Water_Reclamation_Facility.json
268548,4B190107004,Trancas WPCP,Los Angeles Cnty DPW Sewer Maintenance Div,4,,R4-2023-0294,,https://ciwqs.waterboards.ca.gov/ciwqs/readOnly/CiwqsReportServlet?reportName=facilityAtAGlance&placeID=268548,452463,WDR,,,3017_Attachments.pdf,No,3.0,3017_Attachments.txt,3017_Attachments_Trancas_WPCP.json
201077,5C200102010,Madera Cnty #37-La Vina WWTF,Madera County Public Works Department - Special Districts,5F,,2014-0153-DWQ-R5348,,https://ciwqs.waterboards.ca.gov/ciwqs/readOnly/CiwqsReportServlet?reportName=facilityAtAGlance&placeID=201077,439533,WDR,,,2014-0153-dwq_r5348.pdf,No,3.0,2014-0153-dwq_r5348.txt,2014-0153-dwq_r5348_Madera_Cnty_37_La_Vina_WWTF.json
241306,3 271011001,Monterey Dunes Colony WWTP,Monterey Dunes Colony Mutual Water Association,3,,2014-0153-DWQ,,https://ciwqs.waterboards.ca.gov/ciwqs/readOnly/CiwqsReportServlet?reportName=facilityAtAGlance&placeID=241306,447419,ENROLLEE - WDR,,,5-5-22_Monterey Dunes Mutual Water Association draft NOA MRP_final.pdf,No,1.0,5-5-22_Monterey Dunes Mutual Water Association draft NOA MRP_final.txt,5-5-22_Monterey Dunes Mutual Water Association draft NOA MRP_final_Monterey_Dunes_Colony_WWTP.json
731257,3 441208240,Pajaro Valley WMA and City of Watsonville Water Reclamation,Pajaro Valley Water Management Agency,SB,,2020-0015-DWQ,,https://ciwqs.waterboards.ca.gov/ciwqs/readOnly/CiwqsReportServlet?reportName=facilityAtAGlance&placeID=731257,359226,WDR,,,masterreclamationpermit.pdf,No,1.0,masterreclamationpermit.txt,masterreclamationpermit_Pajaro_Valley_WMA_and_City_of_Watsonville_Water_Reclamation.json
835076,5C10NC00203,EZ Trip 1277,Pilot Travel Centers LLC,5F,,2014-0153-DWQ,,https://ciwqs.waterboards.ca.gov/ciwqs/readOnly/CiwqsReportServlet?reportName=facilityAtAGlance&placeID=835076,413154,ENROLLEE - WDR,,,PilotTravelCenters_2014-0153-DWQ.pdf,No,6.0,PilotTravelCenters_2014-0153-DWQ.txt,PilotTravelCenters_2014-0153-DWQ_EZ_Trip_1277.json
901636,1A25094RSIS,"Plant Sciences, Inc. Juniper Village 2, Macdoel Middle School","Plant Sciences, Inc.",1,,2014-0153-DWQ,,https://ciwqs.waterboards.ca.gov/ciwqs/readOnly/CiwqsReportServlet?reportName=facilityAtAGlance&placeID=901636,461730,ENROLLEE - WDR,,,NOA - Plant Sciences.pdf,No,1.0,NOA - Plant Sciences.txt,NOA - Plant Sciences_Plant_Sciences_Inc_Juniper_Village_2_Macdoel_Middle_School.json
234117,9 000000109,Julian Water Pollution Facility,San Diego County Sanitation District,9,,2014-0153-DWQ,,https://ciwqs.waterboards.ca.gov/ciwqs/readOnly/CiwqsReportServlet?reportName=facilityAtAGlance&placeID=234117,434801,ENROLLEE - WDR,,,Required Plans for Julian WPCF.pdf,No,2.0,Required Plans for Julian WPCF.txt,Required Plans for Julian WPCF_Julian_Water_Pollution_Facility.json
737529,5B55NC00011,Camp Mather,San Francisco City & County,5F,,2014-0153-DWQ,,https://ciwqs.waterboards.ca.gov/ciwqs/readOnly/CiwqsReportServlet?reportName=facilityAtAGlance&placeID=737529,373545,ENROLLEE - WDR,,,Order No 2014-0153-DWQ-R5265.pdf,No,2.0,Order No 2014-0153-DWQ-R5265.txt,Order No 2014-0153-DWQ-R5265_Camp_Mather.json
233409,3 420116002,Jalama Beach County Park WWTP,Santa Barbara County Parks Dept,3,,2014-0153-DWQ,,https://ciwqs.waterboards.ca.gov/ciwqs/readOnly/CiwqsReportServlet?reportName=facilityAtAGlance&placeID=233409,457201,ENROLLEE - WDR,,,Jalama-NOA 0153_June 2024_final.pdf,No,1.0,Jalama-NOA 0153_June 2024_final.txt,Jalama-NOA 0153_June 2024_final_Jalama_Beach_County_Park_WWTP.json
255836,1B89051RSON,"Sonoma Co Service Area 41, Zone 2, Sea Ranch Onsite Wastewater Management Zone",Sea Ranch Association,1,,R1-2017-0014,,https://ciwqs.waterboards.ca.gov/ciwqs/readOnly/CiwqsReportServlet?reportName=facilityAtAGlance&placeID=255836,416353,WDR,,,17_0014_SeaRanch_OWTS_WDR.pdf,No,1.0,17_0014_SeaRanch_OWTS_WDR.txt,17_0014_SeaRanch_OWTS_WDR_Sonoma_Co_Service_Area_41_Zone_2_Sea_Ranch_Onsite_Wastewater_Management_Zone.json
739154,5C15NC00247,Tejon Mountain Village,Tejon Castac Water District,5F,,R5-2019-0085,,https://ciwqs.waterboards.ca.gov/ciwqs/readOnly/CiwqsReportServlet?reportName=facilityAtAGlance&placeID=739154,427567,WDR,,,WDRs r5-2019-0085.pdf,No,2.0,WDRs r5-2019-0085.txt,WDRs r5-2019-0085_Tejon_Mountain_Village.json
263172,1A88031RSIS,Tennant CSD ST/LF,Tennant CSD,1,,R1-2016-0019,,https://ciwqs.waterboards.ca.gov/ciwqs/readOnly/CiwqsReportServlet?reportName=facilityAtAGlance&placeID=263172,408075,WDR,,,16_0019_Tennant_WDR.pdf,No,1.0,16_0019_Tennant_WDR.txt,16_0019_Tennant_WDR_Tennant_CSD_ST_LF.json
270563,5A04NC00001,The Villas at Butte Creek WWTP,The Villas At Butte Creek HA,5R,,2014-0153-DWQ,,https://ciwqs.waterboards.ca.gov/ciwqs/readOnly/CiwqsReportServlet?reportName=facilityAtAGlance&placeID=270563,420930,ENROLLEE - WDR,,,The Villas_NOA-Memo-MRP.pdf,No,1.0,The Villas_NOA-Memo-MRP.txt,The Villas_NOA-Memo-MRP_The_Villas_at_Butte_Creek_WWTP.json
269543,1B72033OSON,US Coast Guard TRACEN - Tomales,US Coast Guard Tracen,1,,R1-2012-0033,,https://ciwqs.waterboards.ca.gov/ciwqs/readOnly/CiwqsReportServlet?reportName=facilityAtAGlance&placeID=269543,319757,WDR,,,12_0033_WDR_USCG_MRPRevision.pdf,No,2.0,12_0033_WDR_USCG_MRPRevision.txt,12_0033_WDR_USCG_MRPRevision_US_Coast_Guard_TRACEN_Tomales.json
227217,5C220701001,Glacier Point WWTF,USDI National Park Service Yosemite National Park,5F,,2014-0153-DWQ-R5349,,https://ciwqs.waterboards.ca.gov/ciwqs/readOnly/CiwqsReportServlet?reportName=facilityAtAGlance&placeID=227217,439532,WDR,,,2014-0153-dwq_r5349.pdf,No,2.0,2014-0153-dwq_r5349.txt,2014-0153-dwq_r5349_Glacier_Point_WWTF.json
240177,9 000000247,Meadowlark WRF,Vallecitos Water District,9,,R9-2007-0018,,https://ciwqs.waterboards.ca.gov/ciwqs/readOnly/CiwqsReportServlet?reportName=facilityAtAGlance&placeID=240177,324379,WDR,,,Order No.R9-2007-0018.pdf,No,1.0,Order No.R9-2007-0018.txt,Order No.R9-2007-0018_Meadowlark_WRF.json
272009,1B87042NHUM,Weott WWTP,Weott CSD,1,,R1-2019-0003,,https://ciwqs.waterboards.ca.gov/ciwqs/readOnly/CiwqsReportServlet?reportName=facilityAtAGlance&placeID=272009,428683,WDR,,,19_0003_Weott_CSD_WWTP_WDR.pdf,No,1.0,19_0003_Weott_CSD_WWTP_WDR.txt,19_0003_Weott_CSD_WWTP_WDR_Weott_WWTP.json
