facility_name,txt_file,extraction_file,completion_token,prompt_token,total_token,reasoning_token,cost_usd
Alturas Municipal WWTP,r5-2020-0004_npdes_minor_mod.txt,r5-2020-0004_npdes_minor_mod_205325.json,2352,8355,10707,2112,
American Canyon Water Reclamation Facility (WRF) (formerly WWTP),Order R2-2022-0019 AmCan NPDES reissue Jun-2022.txt,Order R2-2022-0019 AmCan NPDES reissue Jun-2022_205477.json,3159,8394,11553,2304,
American Valley WWTP,r5-2024-0008_npdes.txt,r5-2024-0008_npdes_251217.json,5238,8618,13856,4224,
Anderson WPCP,R5-2025-0011_npdes.txt,R5-2025-0011_npdes_205741.json,8501,9999,18500,7040,
Angels City WWTP,r5-2022-0038_npdes.txt,r5-2022-0038_npdes_205793.json,6801,8557,15358,5376,
Arcata City WWTF,19_0006_Arcata_NPDES.txt,19_0006_Arcata_NPDES_206164.json,7743,9025,16768,5888,
Atwater Regional WWTF,city of atwater_wwtf.txt,city of atwater_wwtf_747519.json,4938,8284,13222,3840,
Auburn WWTP,r5-2017-0085-021_noa.txt,r5-2017-0085-021_noa_206733.json,6848,8751,15599,5440,
Avalon WWTF,Adopted Avalon NPDES Permit_CI 0066 05232024_ADAchecked_signed.txt,Adopted Avalon NPDES Permit_CI 0066 05232024_ADAchecked_signed_208276.json,5416,8910,14326,4288,
Avila WWTP,R3-2017-0025 FINAL.txt,R3-2017-0025 FINAL_206888.json,4098,8582,12680,3136,
Bear Valley CSD WWTF,R5-2024-0005_Bear Valley CSDW_WDR.txt,R5-2024-0005_Bear Valley CSDW_WDR_273161.json,3981,8167,12148,3264,
Bear Valley WWTF,r5-2022-0037_npdes.txt,r5-2022-0037_npdes_209035.json,3427,8360,11787,3008,
Beaumont WWTP No. 1,R8-2022-0042_City of Beaumont_Order_NPDES_Final 11-30-2022_esigned.txt,R8-2022-0042_City of Beaumont_Order_NPDES_Final 11-30-2022_esigned_259170.json,5344,8331,13675,4096,
Benicia WWTP,Benicia R2-2025-0001.txt,Benicia R2-2025-0001_209253.json,4854,8709,13563,3392,
City of Biggs WWTP,r5-2020-0008_wdr.txt,r5-2020-0008_wdr_209551.json,3981,8243,12224,3328,
Brawley City WWTP,R7-2021-0005.txt,R7-2021-0005_210272.json,4503,8332,12835,3200,
Brentwood WWTP,r5-2024-0020_npdes.txt,r5-2024-0020_npdes_210322.json,3581,8267,11848,2688,
Burbank WRP,4424_R4-2023-0358_WDR_PKG.txt,4424_R4-2023-0358_WDR_PKG_212135.json,3527,8337,11864,2688,
Burlingame WWTP,Burlingame R2-2023-0010.txt,Burlingame R2-2023-0010_210839.json,3655,8277,11932,2752,
Deuel Vocational Institution,r5-2022-0006-036.txt,r5-2022-0006-036_219701.json,3876,8434,12310,3328,
CA Dept of Corrections Centinela WWTP,R7-2024-0019.txt,R7-2024-0019_213850.json,5891,8647,14538,4928,
California Men's Colony WWTP,CMC NPDES Order R3-2020-0005 amended for new MRP.txt,CMC NPDES Order R3-2020-0005 amended for new MRP_212681.json,4492,8578,13070,4096,
Forest Meadows WWRP,r5-2024-0067_npdes.txt,r5-2024-0067_npdes_717684.json,3046,8126,11172,2368,
Copper Cove WWRF,r5-2023-0013_npdes.txt,r5-2023-0013_npdes_255003.json,2026,8193,10219,1664,
Calexico City WWTP,R7-2025-0007.txt,R7-2025-0007_212589.json,5287,8650,13937,3904,
Calipatria City WWTP,R7-2020-0010.txt,R7-2020-0010_212739.json,3110,8382,11492,2624,
Calistoga City Dunaweal WWTP,R2-2022-0010.txt,R2-2022-0010_212750.json,7138,9580,16718,5440,
Camarillo WRP,1278_R4-2019-0136_WDR_PKG.txt,1278_R4-2019-0136_WDR_PKG_216719.json,934,8124,9058,832,
Carmel Area WWTP,Carmel_Area_WWTP_final.txt,Carmel_Area_WWTP_final_213281.json,7713,9073,16786,5632,
Carpinteria SD WWTP,Revised_CA0047364_Carpinteria.txt,Revised_CA0047364_Carpinteria_213332.json,3747,8099,11846,2944,
Oro Loma/Castro Valley SD WPCP,Order R2-2024-0006.txt,Order R2-2024-0006_246217.json,3506,8836,12342,2560,
Oro Loma/Castro Valley SD WPCP,EBDA - R2-2022-0023.txt,EBDA - R2-2022-0023_246217.json,3416,8839,12255,2688,
Cayucos SD WWTP,Order R3-2020-0004_final.txt,Order R3-2020-0004_final_824400.json,5237,8364,13601,4096,
Central Contra Costa SD WWTP,R2-2022-0020.txt,R2-2022-0020_213875.json,6307,8968,15275,4736,
Central Marin San. Agcy. WWTP,Final Order Central Marin Sanitation Agency.txt,Final Order Central Marin Sanitation Agency_213889.json,5350,8704,14054,4096,
Chester STP,r5-2021-0022_npdes.txt,r5-2021-0022_npdes_214199.json,4337,8506,12843,3584,
Chico Water Pollution Control Plant,r5-2022-0033_npdes.txt,r5-2022-0033_npdes_271805.json,5801,8750,14551,4736,
Paso Robles WWTP,Order R3-2021-0001_final.txt,Order R3-2021-0001_final_247750.json,6896,8907,15803,4480,
City of Morro Bay Water Reclamation Facility,7-18-22_MorroBay_finalorder.txt,7-18-22_MorroBay_finalorder_882248.json,6589,8764,15353,4736,
Calera Creek Water Recycling Plant,CA0038776 R2-2022-0029 NPDES Permit.txt,CA0038776 R2-2022-0029 NPDES Permit_212585.json,7869,8946,16815,6080,
Clear Creek WWTP,r5-2022-0040_npdes.txt,r5-2022-0040_npdes_214802.json,6705,9747,16452,5056,
Stillwater WWTF,r5-2023-0017_npdes.txt,r5-2023-0017_npdes_258676.json,4745,8419,13164,3520,
Santa Cruz WWTP,R3-2023-0001.txt,R3-2023-0001_255632.json,5362,8467,13829,4352,
Ventura WRF,VWRF Adopted NPDES CI-10859.txt,VWRF Adopted NPDES CI-10859_271054.json,8492,9069,17561,6080,
Ventura WRF,1822_R4-2020-0024_WDR.txt,1822_R4-2020-0024_WDR_271054.json,9565,9701,19266,6912,
Cloverdale City WWTP,18_0034_City of Cloverdale_WWTF_NPDES.txt,18_0034_City of Cloverdale_WWTF_NPDES_214888.json,4909,8497,13406,3904,
Clovis WWTF,r5-2024-0036_npdes.txt,r5-2024-0036_npdes_214899.json,4037,8299,12336,3200,
Coachella SD WWTP,R7-2026-0006.txt,R7-2026-0006_214933.json,6985,9422,16407,5504,
Coachella Valley WD WWTP,R7-2023-0013.txt,R7-2023-0013_216446.json,9240,9407,18647,7552,
City of Colfax WWTP,r5-2023-0025-001_noa.txt,r5-2023-0025-001_noa_215106.json,1986,8432,10418,1664,
"College of the Redwoods, POTW",180607_JCM_dp_College_of_the_Redwoods_NOA (003).txt,180607_JCM_dp_College_of_the_Redwoods_NOA (003)_215141.json,5834,9140,14974,5184,
Colton WRF,12-0050_City_of_Colton_WDR.txt,12-0050_City_of_Colton_WDR_259146.json,3896,8386,12282,2944,
"Colton/San Bernadino STP, RIX",13-0032_Coton-San_Bernardino_RTT_Water_Reclam_Auth.txt,13-0032_Coton-San_Bernardino_RTT_Water_Reclam_Auth_259178.json,2769,8239,11008,2368,
City of Colusa WWTP,r5-2022-0020_npdes.txt,r5-2022-0020_npdes_215225.json,6097,8494,14591,4672,
City of Corning WWTP,r5-2022-0022_npdes.txt,r5-2022-0022_npdes_215750.json,2695,8293,10988,1920,
Corona WWRF #3,14-0015_City_of_Corona_DW&P_WD&RR_WRF_No_3.txt,14-0015_City_of_Corona_DW&P_WD&RR_WRF_No_3_259174.json,3425,8174,11599,2880,
Country Life MHPRV Asset Partners LP WWTP,R7-2023-0041.txt,R7-2023-0041_215925.json,4745,8456,13201,3648,
Covelo POTW,23_0006_covelo_csd_06.20.2023_eosigned.txt,23_0006_covelo_csd_06.20.2023_eosigned_215966.json,6505,9094,15599,5056,
Crescent City WWTP,23_0039_CrescentCity_NPDES.txt,23_0039_CrescentCity_NPDES_216106.json,7221,8722,15943,5760,
Port Costa WWTP,R2-2024-0009 Port Costa NPDES Order.txt,R2-2024-0009 Port Costa NPDES Order_248886.json,5075,8530,13605,4224,
Cutler-Orosi WWTF,r5-2025-0013_ndpes.txt,r5-2025-0013_ndpes_273166.json,4798,8802,13600,3648,
Cuyama CSD WWTP,noa.txt,noa_216428.json,3817,8267,12084,3072,
Date Gardens MHP WWTP,Order R7-2023-0046- Date Gardens MHPWWTP_NPDES.txt,Order R7-2023-0046- Date Gardens MHPWWTP_NPDES_219146.json,6079,8566,14645,4928,
City of Davis WWTP,r5-2025-0026_npdes.txt,r5-2025-0026_npdes_219223.json,3640,8616,12256,2816,
Delta Diablo WWTP,R2-2019-0035.txt,R2-2019-0035_219552.json,7740,9023,16763,5632,
Donner Summit PUD WWTP,R5-2021-0023_npdes.txt,R5-2021-0023_npdes_220548.json,4094,8402,12496,3200,
Dublin San Ramon SD WWTP,DSRSD - R2-2022-2024.txt,DSRSD - R2-2022-2024_220792.json,6182,8821,15003,4672,
Dublin San Ramon SD WWTP,EBDA - R2-2022-0023.txt,EBDA - R2-2022-0023_220792.json,3367,8823,12190,2368,
Dublin San Ramon SD WWTP,LAVWMA - R2-2021-0007.txt,LAVWMA - R2-2021-0007_220792.json,2846,8673,11519,2432,
Dunsmuir WWTP,r5-2024-0009_npdes.txt,r5-2024-0009_npdes_220850.json,6452,8856,15308,5184,
EBDA Common Outfall,EBDA - R2-2022-0023.txt,EBDA - R2-2022-0023_222123.json,1980,8819,10799,1856,
EBMUD SD#1-Wet Wthr Bypass,R2-2025-0006.txt,R2-2025-0006_222130.json,3991,8630,12621,3008,
EBMUD WPCP,R2-2026-0003.txt,R2-2026-0003_222132.json,4388,8418,12806,3072,
East Brother Light StationWWTP,Final Order Package 2010-0113.txt,Final Order Package 2010-0113_223236.json,3331,8328,11659,2880,
East County Advanced Water Purification (AWP) Project,r9_2025_0003.txt,r9_2025_0003_897869.json,8190,8793,16983,6464,
Temescal Creek Outfall,R8-2015-0006_EMWD_Temescal_Creek_Discharge.txt,R8-2015-0006_EMWD_Temescal_Creek_Discharge_259196.json,401,8911,9312,384,
El Centro City WWTP,R7-2024-0041.txt,R7-2024-0041_222407.json,5702,8610,14312,4352,
Deer Creek WWTP,eid_deercreek_wwtp_mgo_noa_revised.txt,eid_deercreek_wwtp_mgo_noa_revised_219398.json,7041,8532,15573,5376,
El Dorado Hills WWTP,eid_edh_wwtp_mgo_noa_final.txt,eid_edh_wwtp_mgo_noa_final_222434.json,5288,8799,14087,3776,
EVMWD Regional WWRF,13-0017_Elsinore_Valley_MWD_RWRF_Renewal_WDR_&_NPDES_Permit.txt,13-0017_Elsinore_Valley_MWD_RWRF_Renewal_WDR_&_NPDES_Permit_259214.json,5320,8495,13815,4224,
Vallecitos WD Meadowlark WRP,EncinaOO_FinalOrderR9-2018-0059.txt,EncinaOO_FinalOrderR9-2018-0059_269989.json,655,8204,8859,640,
Encina Water Pollution Control Facility,EncinaOO_FinalOrderR9-2018-0059.txt,EncinaOO_FinalOrderR9-2018-0059_222758.json,3418,8192,11610,2432,
Encina Ocean Outfall,EncinaOO_FinalOrderR9-2018-0059.txt,EncinaOO_FinalOrderR9-2018-0059_222754.json,4761,8188,12949,3520,
Carlsbad WRF,EncinaOO_FinalOrderR9-2018-0059.txt,EncinaOO_FinalOrderR9-2018-0059_213270.json,1233,8188,9421,1216,
Membrane Filtration/Reverse Osmosis Facility - Escondido,CA0107981_OrderR920180002.txt,CA0107981_OrderR920180002_846371.json,3997,9307,13304,3776,
HARRF DISCH to San Elijo Ocean Outfall,CA0107981_OrderR920180002.txt,CA0107981_OrderR920180002_229726.json,5813,9303,15116,4032,
Eureka City Elk River WWTP,23_0016_Eureka_WWTP_NPDES_09.21.23.txt,23_0016_Eureka_WWTP_NPDES_09.21.23_223010.json,1228,8295,9523,1024,
Fairfield-Suisun Sewer District Subregional WWTP,Order R2-2025-0028.txt,Order R2-2025-0028_225526.json,6111,8979,15090,4288,
Fallbrook Water Reclamation Plant,AmendedOrderR9-2019-0169_DigitalSignature signed dwg 12-14-21.txt,AmendedOrderR9-2019-0169_DigitalSignature signed dwg 12-14-21_224137.json,8066,8703,16769,6272,
Fallbrook Water Reclamation Plant,AmendingOrderR920210204_DigitalSignature signed dwg 12-17-21.txt,AmendingOrderR920210204_DigitalSignature signed dwg 12-17-21_224137.json,7607,8703,16310,5824,
Fallbrook Water Reclamation Plant,Fallbrook_Final_Adopted_Order_R9-2019-0169.txt,Fallbrook_Final_Adopted_Order_R9-2019-0169_224137.json,7768,8703,16471,5952,
Fallbrook Water Reclamation Plant,R9-2019-0169_Amended2020 signed dwg 08-17-20.txt,R9-2019-0169_Amended2020 signed dwg 08-17-20_224137.json,7768,8703,16471,5952,
Fallbrook Water Reclamation Plant,R9-2020-0193_Final_Order signed dwg 08-17-20.txt,R9-2020-0193_Final_Order signed dwg 08-17-20_224137.json,7841,8703,16544,5824,
Ferndale City POTW,18_0046_Ferndale_NPDES.txt,18_0046_Ferndale_NPDES_224348.json,7327,9061,16388,5824,
Forestville Water District,2024_0004_forestville_npdes_signed.txt,2024_0004_forestville_npdes_signed_224901.json,6927,9730,16657,5440,
Fort Bragg City WWTP,19_0020_FortBragg_NPDES.txt,19_0020_FortBragg_NPDES_225055.json,7622,8914,16536,5376,
Fortuna City WWTP,17_0005_Fortuna_NPDES.txt,17_0005_Fortuna_NPDES_225089.json,4915,8777,13692,3584,
Galt WWTP & Reclamation Facility,r5-2017-0085-016.txt,r5-2017-0085-016_226690.json,5521,8392,13913,4096,
Goleta SD WWTP,R3-2017-021_Goleta_finalCA0048160.txt,R3-2017-021_Goleta_finalCA0048160_227568.json,6393,8444,14837,4672,
Grass Valley City WWTP,r5-2017-0085-019.txt,r5-2017-0085-019_227818.json,4259,8138,12397,3200,
Graton CSD,18_0001_Graton_NPDES.txt,18_0001_Graton_NPDES_256050.json,6397,9361,15758,4480,
Delleker WWTP,R5-2019-0052.txt,R5-2019-0052_219530.json,2547,8443,10990,2176,
Hayward WPCF,EBDA - R2-2022-0023.txt,EBDA - R2-2022-0023_229882.json,4469,8819,13288,3200,
Healdsburg City WWTP,22_0017_Healdsburg_WWTF_NPDES.txt,22_0017_Healdsburg_WWTF_NPDES_229922.json,5819,8604,14423,4160,
Heber PUD WWTP,R7-2022-0007.txt,R7-2022-0007_229967.json,5960,8795,14755,4608,
Heritage Ranch WWTP,R3-2017-0026 Final.txt,R3-2017-0026 Final_230132.json,4861,8922,13783,3840,
Holtville City WWTP,R7-2022-0005.txt,R7-2022-0005_230588.json,5696,8413,14109,4352,
Shelter Cove POTW,22_0002shltrCvNPDES.txt,22_0002shltrCvNPDES_256749.json,6486,8768,15254,4928,
Imperial CCD WWTP,R7-2025-0019.txt,R7-2025-0019_232259.json,4652,8282,12934,3648,
Imperial City WWTP,R7-2021-0002.txt,R7-2021-0002_232297.json,6689,8660,15349,5568,
IEUA Regional Plant No. 4,R8-2022-0041_IEUA_ RWRFs_WDR_and_MRP.txt,R8-2022-0041_IEUA_ RWRFs_WDR_and_MRP_742794.json,6091,9582,15673,4288,
IEUA Carbon Canyon WWRF,R8-2022-0041_IEUA_ RWRFs_WDR_and_MRP.txt,R8-2022-0041_IEUA_ RWRFs_WDR_and_MRP_259184.json,3642,9578,13220,2752,
IEUA Regional Plant No. 5,R8-2022-0041_IEUA_ RWRFs_WDR_and_MRP.txt,R8-2022-0041_IEUA_ RWRFs_WDR_and_MRP_259169.json,9281,9582,18863,6144,
IEUA Regional Plant No. 2,R8-2022-0041_IEUA_ RWRFs_WDR_and_MRP.txt,R8-2022-0041_IEUA_ RWRFs_WDR_and_MRP_259166.json,3212,9582,12794,2432,
IEUA Regional Plant No. 1,R8-2022-0041_IEUA_ RWRFs_WDR_and_MRP.txt,R8-2022-0041_IEUA_ RWRFs_WDR_and_MRP_259165.json,5538,9582,15120,3712,
Ironhouse WWTF,R5-2024-0038.txt,R5-2024-0038_232656.json,4847,8405,13252,4032,
Los Alisos WD WWTP,R8-2015-0024_Irvine Ranch Water District.txt,R8-2015-0024_Irvine Ranch Water District_758391.json,3337,8862,12199,2560,
Los Alisos WD WWTP,R8-2018-0070_IRWD__Amending_R8-2015-0024.txt,R8-2018-0070_IRWD__Amending_R8-2015-0024_758391.json,4861,8794,13655,4032,
Michelson WWRF,R8-2015-0024_Irvine Ranch Water District.txt,R8-2015-0024_Irvine Ranch Water District_259156.json,7426,8858,16284,5632,
Michelson WWRF,R8-2018-0070_IRWD__Amending_R8-2015-0024.txt,R8-2018-0070_IRWD__Amending_R8-2015-0024_259156.json,5175,8790,13965,4480,
City of Jackson WWTP,r5-2023-0025-002_noa.txt,r5-2023-0025-002_noa_214642.json,3421,8206,11627,2560,
A.K. Warren Water Resource Facility,Adopted JWPCP PERMIT NPDES CI-1758 05252023.txt,Adopted JWPCP PERMIT NPDES CI-1758 05252023_234156.json,337,10002,10339,320,
White Point Outfall Manifold Construction Dewatering Project,10371_R4-2019-0053_WDR_PKG.txt,10371_R4-2019-0053_WDR_PKG_840718.json,1008,8471,9479,896,
San Jose Creek Water Reclamation Plant,5542_R4-2021-0131_WDR_PKG.txt,5542_R4-2021-0131_WDR_PKG_260156.json,4641,8319,12960,3712,
Pomona Water Reclamation Plant,0755_R4-2021-0097_WDR_PKG.txt,0755_R4-2021-0097_WDR_PKG_250700.json,5556,9974,15530,4416,
Los Coyotes WRP,5059_R4-2021-0142_WDR_PKG (signed).txt,5059_R4-2021-0142_WDR_PKG (signed)_238646.json,4403,8530,12933,3584,
Long Beach WRP,5662_R4-2022-0032_WDR_PKG.txt,5662_R4-2022-0032_WDR_PKG_238562.json,4169,8480,12649,3392,
Whittier Narrows Water Reclamation Plant,2848_R4-2021-0096_WDR_PKG.txt,2848_R4-2021-0096_WDR_PKG_235826.json,4803,8548,13351,3968,
Las Gallinas WWTP,R2-2020-0022.txt,R2-2020-0022_236598.json,8960,9743,18703,6528,
Tapia WRF,4760_R4-2017-0124_WDR_PKG.txt,4760_R4-2017-0124_WDR_PKG_266940.json,7800,9729,17529,5696,
City of Lathrop Consolidated Treatment Facility,r5-2022-0004-01_npdes.txt,r5-2022-0004-01_npdes_271781.json,6421,8764,15185,4928,
City of Lathrop Consolidated Treatment Facility,r5-2022-0004_npdes.txt,r5-2022-0004_npdes_271781.json,6526,8748,15274,5120,
City of Lathrop Consolidated Treatment Facility,r5-2023-0032_npdes_ao.txt,r5-2023-0032_npdes_ao_271781.json,3824,8170,11994,3200,
Lincoln City WWTF,r5-2024-0024_npdes.txt,r5-2024-0024_npdes_238365.json,5636,8558,14194,3968,
Linda Cnty Water District WWTP,r5-2022-0070_npdes.txt,r5-2022-0070_npdes_237060.json,6289,9378,15667,5120,
Live Oak City WWTP,R5-2017-0085-018.txt,R5-2017-0085-018_214647.json,7494,8452,15946,6016,
City of Livermore Water Reclamation Plant,City of Livermore - R2-2022-2025.txt,City of Livermore - R2-2022-2025_237195.json,5244,8585,13829,4032,
City of Livermore Water Reclamation Plant,EBDA - R2-2022-0023.txt,EBDA - R2-2022-0023_237195.json,591,8835,9426,576,
City of Livermore Water Reclamation Plant,LAVWMA - R2-2021-0007.txt,LAVWMA - R2-2021-0007_237195.json,3132,8685,11817,2816,
White Slough Water Pollution Control Facility,R5-2023-0025-010.txt,R5-2023-0025-010_272444.json,5134,8409,13543,3968,
Loleta WWTF,20_0002_Loleta_CSD_WDR and Recycling NPDES.txt,20_0002_Loleta_CSD_WDR and Recycling NPDES_237295.json,3763,8534,12297,3072,
Lompoc City Regional Wastewater Reclamation Plant,lompoc_finalorder.txt,lompoc_finalorder_237315.json,465,8079,8544,448,
Hyperion WWTP,Hyperion NPDES CA0109991 CI-1492_FINAL+SIGNED.txt,Hyperion NPDES CA0109991 CI-1492_FINAL+SIGNED_232063.json,5425,8771,14196,3968,
Donald C. Tillman WWRP,Adopted DCTWRP NPDES CI-5695_01242023.txt,Adopted DCTWRP NPDES CI-5695_01242023_267571.json,7155,8636,15791,5824,
Terminal Island Water Reclamation Plant,TIWRP Adopted Permit 06102021_signed.txt,TIWRP Adopted Permit 06102021_signed_267130.json,6404,8995,15399,5120,
Los Angeles-Glendale WWRP,Final LAG NPDES permit_CI 5675 Final_Signed.txt,Final LAG NPDES permit_CI 5675 Final_Signed_235738.json,5476,8604,14080,3968,
Malibu Mesa WRP,6599_R4-2021-0062_WDR.txt,6599_R4-2021-0062_WDR_242162.json,4821,8679,13500,3392,
Valencia WRP,4993_R4-2022-0174_WDR_PKG.txt,4993_R4-2022-0174_WDR_PKG_270849.json,5940,8781,14721,4352,
Saugus Water Reclamation Plant,2960_R4-2022-0175_WDR_PKG.txt,2960_R4-2022-0175_WDR_PKG_260494.json,6571,9052,15623,5120,
Malaga CWD WWTF,Malaga CWD-r5-2020-0001_wdr.txt,Malaga CWD-r5-2020-0001_wdr_273180.json,5188,8377,13565,4160,
City of Manteca WW Quality Control Facility,r5-2021-0003_npdes.txt,r5-2021-0003_npdes_239343.json,5891,8808,14699,4288,
Marin CSD 5 - Tiburon WWTP,R2-2023-0018.txt,R2-2023-0018_239497.json,5153,8731,13884,3904,
Marin CSD 5 Paradise Cove WWTP,Paradise Cove - R2-2021-0017.txt,Paradise Cove - R2-2021-0017_239498.json,2904,8497,11401,2240,
Mariposa WWTP,r5-2017-0085-017.txt,r5-2017-0085-017_273207.json,5105,8269,13374,3904,
Maxwell PUD WWTF,R5-2009-0109.txt,R5-2009-0109_239874.json,5761,9140,14901,4864,
McKinleyville WWTP,2024_0023_mckinleyville_sc_npdes_signed.txt,2024_0023_mckinleyville_sc_npdes_signed_240093.json,5372,9421,14793,4416,
Mendocino City CSD,22_01mendo_npdes.txt,22_01mendo_npdes_240307.json,5523,8535,14058,4160,
Mendocino County WWD#2-Anchor Bay,21_0005_AnchorBay_WWTF_NPDES.txt,21_0005_AnchorBay_WWTF_NPDES_240318.json,3285,8472,11757,2816,
Millbrae WPCP,R2-2024-0005 (Millbrae NPDES Permit).txt,R2-2024-0005 (Millbrae NPDES Permit)_240791.json,6315,8621,14936,4928,
North Valley Regional Recycled Water Program - Modesto WWTP & Turlock RWQCF,r5-2022-0034.txt,r5-2022-0034_822960.json,6124,8574,14698,4544,
City of Modesto WQCF,mgo_amend_strike.txt,mgo_amend_strike_241146.json,2669,8117,10786,2304,
City of Modesto WQCF,modesto_wqcf_mgo_noa.txt,modesto_wqcf_mgo_noa_241146.json,5236,8622,13858,3520,
Montecito SD WWTP,20220829_Order R3-2022-0010_Final (ACC).txt,20220829_Order R3-2022-0010_Final (ACC)_241288.json,5506,8685,14191,4032,
Monterey One Water Regional WWTP,r3-2024-0045.txt,r3-2024-0045_241740.json,4689,8146,12835,3776,
Mountain House WWTP,r5-2023-0033-01_npdes.txt,r5-2023-0033-01_npdes_241598.json,6765,8399,15164,5504,
Mountain House WWTP,r5-2023-0033_npdes.txt,r5-2023-0033_npdes_241598.json,7457,8527,15984,5696,
Mountain House WWTP,r5-2023-0033_npdes_mod.txt,r5-2023-0033_npdes_mod_241598.json,7132,8527,15659,5440,
Mt. View Sanitary District WWTP,MVSD Final Order ADA.txt,MVSD Final Order ADA_241815.json,6038,8904,14942,3968,
Napa Sanitation District WWTP (Soscol Water Recycling Facility),Order_R2-2022-0003.txt,Order_R2-2022-0003_243858.json,5741,8997,14738,4160,
Cascade Shores WWTP,r5-2017-0085-015.txt,r5-2017-0085-015_213432.json,4716,8228,12944,3776,
Lake Wildwood WWTP,nvcosd1_wildwood_wwtp_final_noa.txt,nvcosd1_wildwood_wwtp_final_noa_236292.json,4047,8214,12261,2944,
Lake of the Pines WWTP,nvcosd1_lop_wwtp_final_noa.txt,nvcosd1_lop_wwtp_final_noa_236236.json,4419,8230,12649,3648,
Nevada City WWTP,r5-2022-0039_npdes.txt,r5-2022-0039_npdes_244141.json,6216,8606,14822,4544,
Newhall Ranch WRP,9322_R4-2024-0390_WDR_PKG.pdf.txt,9322_R4-2024-0390_WDR_PKG.pdf_658148.json,3590,9251,12841,2816,
Niland SD WWTP,R7-2025-0017.txt,R7-2025-0017_244348.json,4454,8571,13025,3584,
North San Mateo County Sanitation District WWTP,CA0037737 NSMCSD Order R2-2022-0036.txt,CA0037737 NSMCSD Order R2-2022-0036_244566.json,7500,8545,16045,6144,
Novato and Ignacio WWTP,R2-2026-0002.txt,R2-2026-0002_244705.json,5299,8928,14227,3968,
San Luis Rey Water Reclamation Facility (NPDES - Ocean Discharge),AmendedOrderR920190166_Digitally Signed signed dwg 12-14-21.txt,AmendedOrderR920190166_Digitally Signed signed dwg 12-14-21_255392.json,5824,8796,14620,4160,
San Luis Rey Water Reclamation Facility (NPDES - Ocean Discharge),AmendingOrderR920210199_Digitally Signed signed dwg 12-14-21.txt,AmendingOrderR920210199_Digitally Signed signed dwg 12-14-21_255392.json,913,8796,9709,896,
San Luis Rey Water Reclamation Facility (NPDES - Ocean Discharge),Oceanside_Final_Adopted_Order_R9-2019-0166 (1).txt,Oceanside_Final_Adopted_Order_R9-2019-0166 (1)_255392.json,5816,8843,14659,4224,
San Luis Rey Water Reclamation Facility (NPDES - Ocean Discharge),R9-2019-0166_Amended2020 signed dwg 08-17-20.txt,R9-2019-0166_Amended2020 signed dwg 08-17-20_255392.json,975,8880,9855,960,
San Luis Rey Water Reclamation Facility (NPDES - Ocean Discharge),R9-2020-0190_Final_Order signed dwg 08-17-20.txt,R9-2020-0190_Final_Order signed dwg 08-17-20_255392.json,2383,8847,11230,2112,
Oceanside Ocean Outfall,AmendedOrderR920190166_Digitally Signed signed dwg 12-14-21.txt,AmendedOrderR920190166_Digitally Signed signed dwg 12-14-21_245795.json,6642,8752,15394,4864,
Oceanside Ocean Outfall,AmendingOrderR920210199_Digitally Signed signed dwg 12-14-21.txt,AmendingOrderR920210199_Digitally Signed signed dwg 12-14-21_245795.json,6779,8752,15531,5120,
Oceanside Ocean Outfall,Oceanside_Final_Adopted_Order_R9-2019-0166 (1).txt,Oceanside_Final_Adopted_Order_R9-2019-0166 (1)_245795.json,6693,8799,15492,5184,
Oceanside Ocean Outfall,R9-2019-0166_Amended2020 signed dwg 08-17-20.txt,R9-2019-0166_Amended2020 signed dwg 08-17-20_245795.json,5652,8836,14488,4096,
Oceanside Ocean Outfall,R9-2020-0190_Final_Order signed dwg 08-17-20.txt,R9-2020-0190_Final_Order signed dwg 08-17-20_245795.json,6319,8803,15122,4736,
"La Salina WWTP, Oceanside Ocean Outfall",AmendedOrderR920190166_Digitally Signed signed dwg 12-14-21.txt,AmendedOrderR920190166_Digitally Signed signed dwg 12-14-21_236019.json,3716,8776,12492,2816,
"La Salina WWTP, Oceanside Ocean Outfall",AmendingOrderR920210199_Digitally Signed signed dwg 12-14-21.txt,AmendingOrderR920210199_Digitally Signed signed dwg 12-14-21_236019.json,3699,8776,12475,2752,
"La Salina WWTP, Oceanside Ocean Outfall",Oceanside_Final_Adopted_Order_R9-2019-0166 (1).txt,Oceanside_Final_Adopted_Order_R9-2019-0166 (1)_236019.json,3709,8823,12532,2816,
"La Salina WWTP, Oceanside Ocean Outfall",R9-2019-0166_Amended2020 signed dwg 08-17-20.txt,R9-2019-0166_Amended2020 signed dwg 08-17-20_236019.json,3408,8860,12268,2496,
"La Salina WWTP, Oceanside Ocean Outfall",R9-2020-0190_Final_Order signed dwg 08-17-20.txt,R9-2020-0190_Final_Order signed dwg 08-17-20_236019.json,3710,8827,12537,2816,
Ojai Valley WWTP,Adopted Order Ojai NPDES CI 4245 12212023_ADAchecked.txt,Adopted Order Ojai NPDES CI 4245 12212023_ADAchecked_246616.json,5128,8594,13722,4288,
Olivehurst WWTP,r5-2021-0024_npdes.txt,r5-2021-0024_npdes_245949.json,5224,8418,13642,4096,
OCSD Plant 1,R8-2021-0010_OCSD.txt,R8-2021-0010_OCSD_758392.json,2674,8131,10805,2304,
OCSD Plant 2,R8-2021-0010_OCSD.txt,R8-2021-0010_OCSD_259158.json,2300,8131,10431,1920,
Groundwater Replenishment System - Advanced WTF,R8-2022-0002_OCWD_NPDES.txt,R8-2022-0002_OCWD_NPDES_228046.json,4582,8597,13179,3712,
East County Water Recycling Facility,r9_2025_0060.txt,r9_2025_0060_247351.json,783,8205,8988,768,
Palo Alto Regional WQCP,CA0037834 Palo Alto Order R2-2025-0003.txt,CA0037834 Palo Alto Order R2-2025-0003_247457.json,5988,9107,15095,4096,
City of Patterson WQCF,R5-2018-0070-001.txt,R5-2018-0070-001_247782.json,5893,8572,14465,4992,
City of Patterson WQCF,R5-2018-0070_WDRs_MRP.txt,R5-2018-0070_WDRs_MRP_247782.json,8468,10707,19175,5824,
Petaluma Ellis Creek Water Recycling Facility (NPDES Permit),Order R2-2021-0008 (1).txt,Order R2-2021-0008 (1)_248087.json,5534,8723,14257,3648,
City of Pinole WWTP,R2-2023-0008.txt,R2-2023-0008_217831.json,3778,8607,12385,2560,
Pismo Beach WWTP,2015_0016_npdes.pdf.txt,2015_0016_npdes.pdf_248519.json,4068,8271,12339,3200,
"Placer Cnty SA No 28, ZONE No.6, Sheridan WWTP",SheridanWWTP_NOA.txt,SheridanWWTP_NOA_254925.json,3374,8487,11861,2944,
Hangtown Creek WRF,r5-2017-0085-007.txt,r5-2017-0085-007_229595.json,4437,8273,12710,3008,
Portola WWTP,r5-2024-0023_npdes.txt,r5-2024-0023_npdes_248936.json,3435,8388,11823,2880,
Red Bluff WW Reclamation Plant,r5_2023-0048_npdes.txt,r5_2023-0048_npdes_252119.json,4914,8635,13549,3520,
Redway POTW,23_0004_Redway_CSD_NPDES_01.26.23_EOsigned.txt,23_0004_Redway_CSD_NPDES_01.26.23_EOsigned_252211.json,5254,8774,14028,3648,
Reedley WWTF,R5-2010-0120.txt,R5-2010-0120_273131.json,3568,8530,12098,2880,
Rialto WWRF,14-0010_Rialto_City_of_Renewal_WDR_MWWTP.txt,14-0010_Rialto_City_of_Renewal_WDR_MWWTP_259149.json,8062,8777,16839,6400,
Richmond WPCP,R2-2024-0008 West County.txt,R2-2024-0008 West County_252657.json,5513,9871,15384,4608,
Richvale WWTF,Richvale_NOA-Memo-MRP.txt,Richvale_NOA-Memo-MRP_252660.json,3486,8150,11636,3008,
Lake California WWTP,WDR Order R5-2016-0033.txt,WDR Order R5-2016-0033_236190.json,6452,10653,17105,5248,
Rio Dell City WWTF,Order No. 2023-0022 Combined.txt,Order No. 2023-0022 Combined_252750.json,4169,8670,12839,3264,
Beach WWTF,r5-2024-0054_npdes.txt,r5-2024-0054_npdes_252771.json,3398,8191,11589,2560,
Northwest WWTF,r5-2021-0004.txt,r5-2021-0004_266439.json,4865,8442,13307,3840,
Hammonton Gold Village WWTP,r5-2022-0024_npdes.txt,r5-2022-0024_npdes_229559.json,5203,8369,13572,4288,
Riverside City WWRF,13-0016_Riverside_City_of_Dept_of_Public_Works.txt,13-0016_Riverside_City_of_Dept_of_Public_Works_259150.json,5174,8404,13578,3712,
Rodeo Sanitary District WWTP,R2-2022-0037.txt,R2-2022-0037_253174.json,6744,8888,15632,5120,
Pleasant Grove WWTP,roseville_PG_wwtp_noa.txt,roseville_PG_wwtp_noa_248706.json,3305,8202,11507,2624,
Dry Creek WWTP,roseville_drycreek_wwtp_mgo_noa_final.txt,roseville_drycreek_wwtp_mgo_noa_final_220768.json,4712,8577,13289,3840,
SAM WWTP (Sewer Authority Mid-Coastside WWTP),CA0038598 SAM Order R2-2023-0002.txt,CA0038598 SAM Order R2-2023-0002_255139.json,6251,9024,15275,4480,
El Toro WD WRP,r9_2022_0006_acoo_signature signed dwg 03-18-21.txt,r9_2022_0006_acoo_signature signed dwg 03-18-21_222509.json,2922,8529,11451,2432,
SOCWA - Coastal TP,r9_2022_0006_acoo_signature signed dwg 03-18-21.txt,r9_2022_0006_acoo_signature signed dwg 03-18-21_257850.json,977,8529,9506,960,
SOCWA Aliso Creek Ocean Outfall,r9_2022_0006_acoo_signature signed dwg 03-18-21.txt,r9_2022_0006_acoo_signature signed dwg 03-18-21_257590.json,4794,8541,13335,3392,
SOCWA - Regional TP,r9_2022_0006_acoo_signature signed dwg 03-18-21.txt,r9_2022_0006_acoo_signature signed dwg 03-18-21_241053.json,4438,8529,12967,3264,
IRWD Los Alisos WRP,r9_2022_0006_acoo_signature signed dwg 03-18-21.txt,r9_2022_0006_acoo_signature signed dwg 03-18-21_237396.json,337,8537,8874,320,
SOCWA San Juan Creek Ocean Outfall,amended_order_sjcoo signed dwg 03-19-25.txt,amended_order_sjcoo signed dwg 03-19-25_257592.json,5136,8396,13532,3392,
SOCWA San Juan Creek Ocean Outfall,att._1_to_amending_order_sjcoo.txt,att._1_to_amending_order_sjcoo_257592.json,5136,8396,13532,3392,
SOCWA San Juan Creek Ocean Outfall,r9-2022-0005-a1_v3 signed dwg 03-28-24.txt,r9-2022-0005-a1_v3 signed dwg 03-28-24_257592.json,7013,8869,15882,4928,
SOCWA San Juan Creek Ocean Outfall,r9_2022_0005_sjcoo_signature signed dwg 03-18-22.txt,r9_2022_0005_sjcoo_signature signed dwg 03-18-22_257592.json,6535,8854,15389,4736,
SMWD Oso Creek WRP,amended_order_sjcoo signed dwg 03-19-25.txt,amended_order_sjcoo signed dwg 03-19-25_257520.json,5351,8392,13743,3584,
SMWD Oso Creek WRP,att._1_to_amending_order_sjcoo.txt,att._1_to_amending_order_sjcoo_257520.json,5351,8392,13743,3584,
SMWD Oso Creek WRP,r9-2022-0005-a1_v3 signed dwg 03-28-24.txt,r9-2022-0005-a1_v3 signed dwg 03-28-24_257520.json,3499,8865,12364,2880,
SMWD Oso Creek WRP,r9_2022_0005_sjcoo_signature signed dwg 03-18-22.txt,r9_2022_0005_sjcoo_signature signed dwg 03-18-22_257520.json,3730,8850,12580,3200,
SMWD - Chiquita WRP,amended_order_sjcoo signed dwg 03-19-25.txt,amended_order_sjcoo signed dwg 03-19-25_257518.json,5701,8396,14097,4096,
SMWD - Chiquita WRP,att._1_to_amending_order_sjcoo.txt,att._1_to_amending_order_sjcoo_257518.json,5701,8396,14097,4096,
SMWD - Chiquita WRP,r9-2022-0005-a1_v3 signed dwg 03-28-24.txt,r9-2022-0005-a1_v3 signed dwg 03-28-24_257518.json,6461,8869,15330,5120,
City of San Clemente WRP,amended_order_sjcoo signed dwg 03-19-25.txt,amended_order_sjcoo signed dwg 03-19-25_255218.json,6185,8392,14577,4480,
City of San Clemente WRP,att._1_to_amending_order_sjcoo.txt,att._1_to_amending_order_sjcoo_255218.json,6185,8392,14577,4480,
City of San Clemente WRP,r9_2022_0005_sjcoo_signature signed dwg 03-18-22.txt,r9_2022_0005_sjcoo_signature signed dwg 03-18-22_255218.json,655,8850,9505,640,
SOCWA - 3A Treatment Plant,amended_order_sjcoo signed dwg 03-19-25.txt,amended_order_sjcoo signed dwg 03-19-25_241540.json,6284,8396,14680,4480,
SOCWA - 3A Treatment Plant,att._1_to_amending_order_sjcoo.txt,att._1_to_amending_order_sjcoo_241540.json,6284,8396,14680,4480,
SOCWA - 3A Treatment Plant,r9_2022_0005_sjcoo_signature signed dwg 03-18-22.txt,r9_2022_0005_sjcoo_signature signed dwg 03-18-22_241540.json,5002,8854,13856,3904,
J.B. Latham Wastewater Treatment Plant,amended_order_sjcoo signed dwg 03-19-25.txt,amended_order_sjcoo signed dwg 03-19-25_236649.json,335,8400,8735,320,
J.B. Latham Wastewater Treatment Plant,att._1_to_amending_order_sjcoo.txt,att._1_to_amending_order_sjcoo_236649.json,335,8400,8735,320,
J.B. Latham Wastewater Treatment Plant,r9_2022_0005_sjcoo_signature signed dwg 03-18-22.txt,r9_2022_0005_sjcoo_signature signed dwg 03-18-22_236649.json,4765,8858,13623,3776,
EchoWater Resource Recovery Facility,r5-2021-0019-01_npdes.txt,r5-2021-0019-01_npdes_254981.json,6055,8448,14503,4352,
EchoWater Resource Recovery Facility,r5-2021-0019-02.txt,r5-2021-0019-02_254981.json,6213,8382,14595,4608,
EchoWater Resource Recovery Facility,r5-2021-0019_npdes.txt,r5-2021-0019_npdes_254981.json,6970,8452,15422,5056,
Sac City Combined WW Collection/TRT Sys,r5-2026-0003_npdes.txt,r5-2026-0003_npdes_215236.json,1675,8556,10231,1408,
Samoa Pacific WWTP (Samoa Town Site),20_0005_Samoa WWTF_NPDES.txt,20_0005_Samoa WWTF_NPDES_255165.json,5144,8352,13496,4224,
San Andreas SD WWTP,R5-2024-0025_npdes.txt,R5-2024-0025_npdes_255180.json,5180,9355,14535,3392,
Margaret H Chandler WWRF,R8-2017-0049_SBMWDWRF.txt,R8-2017-0049_SBMWDWRF_259220.json,2574,8166,10740,2048,
City of San Diego North City Pure Water Facility,Adopted Amended OrderNo.R9-2020-0001 signed dwg 08-13-20.txt,Adopted Amended OrderNo.R9-2020-0001 signed dwg 08-13-20_850597.json,5056,8364,13420,3840,
South Bay WRP,r9-2021-0011-amended-r9-2026-0006.txt,r9-2021-0011-amended-r9-2026-0006_257831.json,3599,8324,11923,2816,
South Bay WRP,r9-2021-0011.txt,r9-2021-0011_257831.json,3425,8307,11732,2752,
Point Loma WWTP & Ocean Outfall,Point Loma_Final Permit_CA0107409.txt,Point Loma_Final Permit_CA0107409_248796.json,4873,8281,13154,3648,
North City WRP,Adopted Amended OrderNo.R9-2020-0001 signed dwg 08-13-20.txt,Adopted Amended OrderNo.R9-2020-0001 signed dwg 08-13-20_244506.json,3983,8344,12327,3200,
San Elijo Water Campus,CA0107999_OrderR920180003.txt,CA0107999_OrderR920180003_255265.json,4885,8761,13646,3328,
SF Arprt Mel Leong TP-Industrl,SFO Aiport NPDES Permit Order R2-2025-0002.txt,SFO Aiport NPDES Permit Order R2-2025-0002_256506.json,8693,8926,17619,6080,
SF Airport Mel Leong TP-Sanitary Waste,SFO Aiport NPDES Permit Order R2-2025-0002.txt,SFO Aiport NPDES Permit Order R2-2025-0002_256507.json,6720,8926,15646,5376,
"SF-SE Water Pollution Control Plant, N-Point & Bayside",R2-2013-0029.txt,R2-2013-0029_256499.json,8782,9031,17813,7040,
SF - OCEANSIDE Water Pollution Control Plant,R2-2019-0028.txt,R2-2019-0028_256498.json,3971,8295,12266,3136,
San Jose/Santa Clara WPCP,CA0037842 San Jose Order R2-2025-0027.txt,CA0037842 San Jose Order R2-2025-0027_255333.json,7033,8994,16027,5248,
San Juan Bautista WWTP,NPDES R3-2009-0019 for San Juan Bautista WWTP.txt,NPDES R3-2009-0019 for San Juan Bautista WWTP_255337.json,4426,8255,12681,3584,
"San Leandro, City of",R2-2022-0006.txt,R2-2022-0006_879361.json,6149,9121,15270,4480,
San Leandro WPCP,EBDA - R2-2022-0023.txt,EBDA - R2-2022-0023_255368.json,4518,8823,13341,3328,
San Luis Obispo WWTP,Order R3-2024-0001.txt,Order R3-2024-0001_255380.json,9754,9142,18896,7552,
San Mateo WWTP,R2-2023-0017.txt,R2-2023-0017_255420.json,5511,8846,14357,3712,
San Simeon WWTP,Order R3-2022-0003_signed.txt,Order R3-2022-0003_signed_255462.json,6455,8445,14900,5504,
El Estero Water Resource Center NPDES,El Estero_Final_Permit_2019-0046 pkg eff 2-1-20.txt,El Estero_Final_Permit_2019-0046 pkg eff 2-1-20_222443.json,5803,8637,14440,4160,
Santa Rosa Laguna Subregional Water Reclamation Facility,20_0012_SantaRosa-LagunaWWTF_NPDES.txt,20_0012_SantaRosa-LagunaWWTF_NPDES_255703.json,6035,8966,15001,4544,
Sausalito Marin City STP,NPDES Order R2-2023-0022.txt,NPDES Order R2-2023-0022_255802.json,4609,8866,13475,3584,
Scotts Valley WWTP,Scotts Valley WWTP NPDES Permit R3-2013-0001.txt,Scotts Valley WWTP NPDES Permit R3-2013-0001_256011.json,3488,8095,11583,2560,
Seeley CWD WWTP,R7-2023-0003.txt,R7-2023-0003_256217.json,5740,8903,14643,4864,
Sewerage Agency of Southern Marin (SASM) WWTP,R2-2023-0021.txt,R2-2023-0021_255788.json,4967,8268,13235,3520,
Sewerage Commission Oroville Region WWTP,r5-2021-0044_npdes.txt,r5-2021-0044_npdes_246251.json,7396,8513,15909,5824,
Cottonwood WWTP,r5-2024-0026_npdes.txt,r5-2024-0026_npdes_215903.json,5710,8770,14480,4672,
Shasta Lake WWTF,r5-2020-0058_npdes.txt,r5-2020-0058_npdes_256627.json,3284,8313,11597,2368,
SVCW WWTP,SVCW Order R2-2023-0003 (1).txt,SVCW Order R2-2023-0003 (1)_255833.json,7691,9143,16834,5632,
Simi Valley WQCP,3021_R4-2019-0135_WDR_PKG.txt,3021_R4-2019-0135_WDR_PKG_261253.json,4557,8524,13081,3392,
Sonoma Valley County SD WWTP,Final Order Sonoma_NPDES permit_Dec 2024.txt,Final Order Sonoma_NPDES permit_Dec 2024_257754.json,5204,8464,13668,4416,
SCWA Russian River CSD,21_0002_Russian River CSD and Sonoma Water WWTF NPDES.txt,21_0002_Russian River CSD and Sonoma Water WWTF NPDES_256061.json,7183,9525,16708,5824,
SCRWA WWTP,SCRWA 2017 adopted.txt,SCRWA 2017 adopted_256039.json,6346,9183,15529,4800,
South San Francisco-San Bruno WQCP,SSFSB_Order_Finalsigned.txt,SSFSB_Order_Finalsigned_254881.json,6933,9080,16013,5184,
South San Luis Obispo SD WWTP,So_SLO_Order R3-2019-0002_final.txt,So_SLO_Order R3-2019-0002_final_257887.json,2685,8435,11120,2368,
Big Creek Powerhouse No 1 WWTF,2014-0153-DWQ-R5187.txt,2014-0153-DWQ-R5187_209509.json,1120,8126,9246,1024,
St. Helena City WWTP,st. helena_order r2-2021-0004.txt,st. helena_order r2-2021-0004_258386.json,6361,9097,15458,4928,
Stallion Springs WWTF,r5-2023-0025-012.txt,r5-2023-0025-012_273191.json,4195,8289,12484,3392,
Wastewater Recovery Center,r5-2025-0027_npdes.txt,r5-2025-0027_npdes_258739.json,7600,9657,17257,5376,
Summerland SD WWTP,R3-2022-0014-(ACC).txt,R3-2022-0014-(ACC)_259377.json,5134,8416,13550,3904,
Sunnyvale WPCP,CA0037621 Sunnyvale Order R2-2020-0002.txt,CA0037621 Sunnyvale Order R2-2020-0002_259507.json,5861,8857,14718,4480,
Susanville Sanitary District WWTP,R6T-2008-0022 WDR Susanville CSD.txt,R6T-2008-0022 WDR Susanville CSD_259689.json,3419,8368,11787,2688,
Susanville Sanitary District WWTP,r6t_2008_0022_attach_f_i.txt,r6t_2008_0022_attach_f_i_259689.json,5325,8832,14157,3904,
Taft WWTF,5-00-080.txt,5-00-080_214665.json,2534,8097,10631,1856,
Mineral WWTP,r5-2023-0040_npdes.txt,r5-2023-0040_npdes_240864.json,5132,8825,13957,4352,
Temescal Valley WD WWRF,12-0028_Lee_Lake_Water_Dist_WDR.txt,12-0028_Lee_Lake_Water_Dist_WDR_259216.json,5404,8279,13683,4096,
Hill Canyon WWTP,4917_R4-2019-0137_WDR.txt,4917_R4-2019-0137_WDR_231693.json,753,8120,8873,640,
Discovery Bay WWTP,R5-2024-0068_npdes.txt,R5-2024-0068_npdes_220315.json,4587,8741,13328,3264,
Tracy WWTP,r5-2022-0073_npdes.txt,r5-2022-0073_npdes_266223.json,7005,9391,16396,5056,
Treasure Island WWTP/DOD,R2-2020-0020.txt,R2-2020-0020_266328.json,5003,8416,13419,3712,
Tulelake City WWTP,15_0002_Tulelake_WDR_revised_030415.txt,15_0002_Tulelake_WDR_revised_030415_266694.json,4098,8302,12400,3328,
"Turlock City, Turlock Regional Water Quality Control Facility",r5-2021-0005_npdes.txt,r5-2021-0005_npdes_266737.json,1628,8141,9769,1472,
UC Davis Main WWTP,r5-2021-0007_npdes.txt,r5-2021-0007_npdes_268926.json,4486,8226,12712,3712,
Beale AFB WWTP,r5-2019-0086_wdrs.txt,r5-2019-0086_wdrs_209007.json,2644,8291,10935,2048,
US Navy Naval Air Facility WWTP,R7-2021-0045.txt,R7-2021-0045_269449.json,4011,8419,12430,3136,
El Portal WWTF,r5-2025-0031_npdes.txt,r5-2025-0031_npdes_222491.json,5875,8628,14503,3904,
Wawona WWTF,12_21_2021_ 9787284_ REVISED NOA_ 12_21_2021.txt,12_21_2021_ 9787284_ REVISED NOA_ 12_21_2021_271887.json,1747,8105,9852,1472,
Wawona WWTF,2014-0153-DWQ-R5289.txt,2014-0153-DWQ-R5289_271887.json,4952,8356,13308,3712,
USS-UPI LLC - NPDES/SUB15,R2-2016-0043.txt,R2-2016-0043_269601.json,5108,8390,13498,4352,
Ukiah City WWTP,24_0016_Ukiah_NPDES_07.18.2024_signed.txt,24_0016_Ukiah_NPDES_07.18.2024_signed_268960.json,7021,8741,15762,4864,
Raymond A. Boege Alvarado WWTP (Union SD),EBDA - R2-2022-0023.txt,EBDA - R2-2022-0023_269042.json,1671,8855,10526,1152,
Thunder Valley Casino WWTP,thundervalley_wwtp_mgo_noa.txt,thundervalley_wwtp_mgo_noa_206730.json,4565,8303,12868,3840,
South Bay International WWTP,r9-2021-0001-amended-r9-2023-0009-amended-r9-2026-0005.txt,r9-2021-0001-amended-r9-2023-0009-amended-r9-2026-0005_257821.json,4388,8473,12861,3328,
South Bay International WWTP,r9-2021-0001.txt,r9-2021-0001_257821.json,1895,8477,10372,1728,
Easterly WWTP,r5-2025-0028_npdes.txt,r5-2025-0028_npdes_222057.json,4387,8478,12865,3328,
Vallejo Flood & Wastewater District (VFWD) WWTP,Order R2-2023-0001.txt,Order R2-2023-0001_270006.json,2853,8353,11206,2048,
Valley SD WWTP,R7-2026-0003.txt,R7-2026-0003_270096.json,7798,9065,16863,5440,
Victor Valley Wastewater Reclamation Authority WTP,r6v_2020_0028_vvwra_npdes_permit.txt,r6v_2020_0028_vvwra_npdes_permit_270419.json,7667,9147,16814,5632,
Visalia Water Reclamation Facility (WRF),r5-2018-0046.txt,r5-2018-0046_273138.json,5475,8377,13852,4544,
Watsonville WWTP,Watsonville WWTP 14-0006 FINAL.txt,Watsonville WWTP 14-0006 FINAL_271872.json,4859,8489,13348,3584,
Edward C. Little Water Recycling Plant (Recycled Water Irrigation),Adopted ECLWRF NPDES CI-7449 111623.txt,Adopted ECLWRF NPDES CI-7449 111623_273663.json,4330,8857,13187,3520,
Juanita Millender-McDonald Carson Regional Water Recycling Plant,Adopted JMMCRWRP CI-7972 03012024.txt,Adopted JMMCRWRP CI-7972 03012024_217061.json,4608,8883,13491,3776,
West County Agency Outfall,R2-2024-0008 West County.txt,R2-2024-0008 West County_215234.json,6868,9875,16743,4864,
West County WW District WPCP,R2-2024-0008 West County.txt,R2-2024-0008 West County_272082.json,8135,9883,18018,6208,
WRCRWA Regional WWRF,R8-2015-0013_WRCRWWA.txt,R8-2015-0013_WRCRWWA_259205.json,949,8300,9249,832,
Westmorland City WWTP,R7-2023-0002.txt,R7-2023-0002_272291.json,4746,8701,13447,3712,
Willits City WWTP,21_0021_Willits_WWTF_NPDES.txt,21_0021_Willits_WWTF_NPDES_272646.json,8657,9949,18606,6656,
Willows WWTP,R5-2017-0085-01.txt,R5-2017-0085-01_272704.json,2666,8105,10771,2304,
Willows WWTP,willows_wwtp_noa_signed.txt,willows_wwtp_noa_signed_272704.json,3438,8159,11597,2688,
"Windsor Wastewater Treatment, Reclamation, and Disposal Facility",20_0010_Windsor Water District_NPDES.txt,20_0010_Windsor Water District_NPDES_272790.json,5715,8655,14370,4416,
Woodland Water Pollution Control Facility,r5-2026-0004_npdes.txt,r5-2026-0004_npdes_272960.json,4870,10406,15276,3648,
Yountville / CA Vets Home WWTP,Town of Yountville Order R2-2020-0026.txt,Town of Yountville Order R2-2020-0026_274410.json,6307,8897,15204,4608,
Yuba City WWTF,r5-2024-0055_npdes.txt,r5-2024-0055_npdes_274556.json,3834,8571,12405,3008,
Henry N. Wochholz WWRF,R8-2015-0027_YVWD_Henry_N_Wochholz_RWRF.txt,R8-2015-0027_YVWD_Henry_N_Wochholz_RWRF_259161.json,6652,8538,15190,4992,
Mustards Grill WWTP,Mustards Grill Notice of Applicability Package_2024-07-10.txt,Mustards Grill Notice of Applicability Package_2024-07-10_614538.json,6903,10180,17083,5440,
USMC Camp Pendleton Southern Regional Tertiary Treatment Plant,AmendedOrderR92019167_DigitalSignature signed dwg 12-14-21.txt,AmendedOrderR92019167_DigitalSignature signed dwg 12-14-21_638334.json,4635,8417,13052,3264,
USMC Camp Pendleton Southern Regional Tertiary Treatment Plant,AmendingOrderR920210205_DigitalSignature signed dwg 12-17-21.txt,AmendingOrderR920210205_DigitalSignature signed dwg 12-17-21_638334.json,5255,8557,13812,3840,
USMC Camp Pendleton Southern Regional Tertiary Treatment Plant,MCBCP_Final_Adopted_Order_R9-2019-0167.txt,MCBCP_Final_Adopted_Order_R9-2019-0167_638334.json,4487,8417,12904,3200,
USMC Camp Pendleton Southern Regional Tertiary Treatment Plant,R9-2019-0167_Amended2020 signed dwg 08-17-20.txt,R9-2019-0167_Amended2020 signed dwg 08-17-20_638334.json,4487,8417,12904,3200,
USMC Camp Pendleton Southern Regional Tertiary Treatment Plant,R9-2020-0191_Final_Order signed dwg 08-17-20.txt,R9-2020-0191_Final_Order signed dwg 08-17-20_638334.json,4635,8417,13052,3264,
Adelanto WWTP,R6V-2013-0058 Adelanto WWTF FINAL.txt,R6V-2013-0058 Adelanto WWTF FINAL_204475.json,6585,8628,15213,5312,
Plymouth WWTP,r5-2011-0092.txt,r5-2011-0092_248753.json,3033,8180,11213,2624,
Pine Grove Community Leachfield System,R5-2009-0003.txt,R5-2009-0003_248424.json,2787,8179,10966,2368,
Atascadero WWTP,R3-2020-0020 NOA MRP City of Atascadero_final.txt,R3-2020-0020 NOA MRP City of Atascadero_final_206653.json,4216,8423,12639,3584,
Encinal Canyon Water Recycling Plant on Tract 46277,7020_R4-2013-0019_WDR_PKG.txt,7020_R4-2013-0019_WDR_PKG_268043.json,3823,8162,11985,3264,
Black Oak General Store,noa_100610_sjp.txt,noa_100610_sjp_209726.json,1188,8192,9380,1088,
Bakersfield WWTP #2,r5-2009-0122.txt,r5-2009-0122_273208.json,4948,8540,13488,3840,
Barstow WWTP,R6V-2019-0252_WDR_Barstow.txt,R6V-2019-0252_WDR_Barstow_208769.json,5825,9067,14892,4416,
BB Reg WWA-Lucerne Vly,R7-2021-0023.txt,R7-2021-0023_208930.json,4777,8288,13065,3968,
Bill/Kathy's WWTF,bill_kathy_NOA.txt,bill_kathy_NOA_209595.json,3127,8713,11840,2816,
Blue Lake City POTW,12_0050_WDR_BlueLake_RRO_120618.txt,12_0050_WDR_BlueLake_RRO_120618_209801.json,3593,8969,12562,2816,
Blythe Regional WW Reclamation Facilities,R7-2016-0013.txt,R7-2016-0013_209847.json,7237,8859,16096,5440,
Bodega Bay Wastewater Reclamation Facility,R1-2023-0011.txt,R1-2023-0011_209949.json,4332,8583,12915,3264,
Buellton WWTP,Buellton NOA MRP R3-2020-0020.txt,Buellton NOA MRP R3-2020-0020_210685.json,4214,8623,12837,3328,
Burney STP,Combined Burney WDR_Pamela Signatue.txt,Combined Burney WDR_Pamela Signatue_210854.json,5842,9142,14984,4736,
Byron Sanitary District WWTF,R5-2009-0002.txt,R5-2009-0002_210972.json,2352,8305,10657,1984,
Mount Bullion Conservation Camp,2014-0153-DWQ-R5284.txt,2014-0153-DWQ-R5284_241545.json,3945,9531,13476,3008,
CDOT Collier Tunnel Rest Area,180618_RRO_er_CaltransCollierTunnel_NOA.txt,180618_RRO_er_CaltransCollierTunnel_NOA_833707.json,5525,8275,13800,4608,
Gold Run Roadside Rests,Gold Run Rest Area-NOA.txt,Gold Run Rest Area-NOA_227451.json,6171,8606,14777,5312,
Shandon Roadside Rest Area,07-02-2019_Shandon Rest Area NOA & NOT package 7-2-19.txt,07-02-2019_Shandon Rest Area NOA & NOT package 7-2-19_729031.json,4735,8606,13341,4032,
Philip S Raine SRRA,NOA_CalTransPSRaineSRRA_NOA_2014-0153-DWQ-R5377.txt,NOA_CalTransPSRaineSRRA_NOA_2014-0153-DWQ-R5377_248269.json,2799,8549,11348,2496,
Buttonwillow Safety Roadside Rest Area,Buttonwillow NOA.txt,Buttonwillow NOA_836454.json,2552,8377,10929,2432,
Warlow SRRA WWTF,CT-WarlowRA_NOA.txt,CT-WarlowRA_NOA_719040.json,1119,8303,9422,1024,
Lebec SRRA (Tejon Pass),NOA Tejon Pass Safety Roadside Rest Area Wastewater Treatment Facility.txt,NOA Tejon Pass Safety Roadside Rest Area Wastewater Treatment Facility_236772.json,3047,8570,11617,2688,
"John ""Chuck"" Erreca SRRA",Caltrans_Erreca_NOA.txt,Caltrans_Erreca_NOA_837951.json,1832,8076,9908,1600,
Valley Wells Rest Area,R6V-2021-0022_WDR Order_Caltrans Valley Wells.txt,R6V-2021-0022_WDR Order_Caltrans Valley Wells_851487.json,3952,9127,13079,3392,
"CCC @ Susanville, CSP-LC WTF",R6T-2008-0024 CDC WDR.txt,R6T-2008-0024 CDC WDR_213580.json,3142,8213,11355,2880,
Tehachapi Correctional Inst WWTF,r5-2011-0007.txt,r5-2011-0007_263072.json,4525,8675,13200,3520,
Kern Valley State Prison WWTF,R5-2007-0090.txt,R5-2007-0090_234915.json,3290,8836,12126,2432,
Pleasant Valley State Prison WWTF,r5-2016-0092.txt,r5-2016-0092_248717.json,4752,8552,13304,3584,
Corcoran State Prison WWTF,r5-2016-0027.txt,r5-2016-0027_215698.json,1668,8097,9765,1472,
Coalinga State Hospital WWTF,R5-2013-0055.txt,R5-2013-0055_214957.json,4079,8416,12495,3392,
Pfeiffer Big Sur State Park WWTP,Pfeiffer Big Sur NOA_final_10_02_2025.txt,Pfeiffer Big Sur NOA_final_10_02_2025_248169.json,2958,8160,11118,2304,
Millerton Lake State Rec Area,NOA_MLSRA_WWTF.txt,NOA_MLSRA_WWTF_240826.json,3068,8331,11399,2752,
CDF Parlin Fork Conservation Camp,170313_RSP_dp_ParlinFork_WWTF_NOA.txt,170313_RSP_dp_ParlinFork_WWTF_NOA_213604.json,4440,8618,13058,3968,
Arnold WWTP,NOA 2014-0153-DWQ-R5190.txt,NOA 2014-0153-DWQ-R5190_206381.json,5804,8802,14606,4160,
Wilseyville WWTP,WilseyvilleWWTP_NOA.txt,WilseyvilleWWTP_NOA_272716.json,5401,8576,13977,4608,
West Point WWTF,2014-0153-dwq-r5336_noa.txt,2014-0153-dwq-r5336_noa_272109.json,4434,8569,13003,3776,
Wallace Lake Estates WWTF,2014-0153-dwq-r5275_NOA.txt,2014-0153-dwq-r5275_NOA_271617.json,5898,8560,14458,5056,
Southworth Ranch Estates WWTF,NOA_Southworth Ranch Estates WWTF.txt,NOA_Southworth Ranch Estates WWTF_258004.json,4250,8213,12463,3584,
La Contenta WWT & RF,CCWD_La Contenta_R5-2013-0133_WDR.txt,CCWD_La Contenta_R5-2013-0133_WDR_235798.json,6677,8849,15526,5312,
La Contenta WWT & RF,R5-2018-0062-La Contenta WWTF.txt,R5-2018-0062-La Contenta WWTF_235798.json,6474,8859,15333,5376,
Indian Rock Vineyards Subdivision (IRVS) WWTF,Indian Rock NOA.txt,Indian Rock NOA_232360.json,4207,8972,13179,3584,
Copper Cove WWRF,R5-2010-0070.txt,R5-2010-0070_215671.json,2563,8173,10736,2240,
Copper Cove WWRF,ccwd_copper cove_amended wdr.txt,ccwd_copper cove_amended wdr_215671.json,3022,8173,11195,2624,
Spreckels WWTP,Spreckels_R3-2020-0020_NOA_MRP_final.txt,Spreckels_R3-2020-0020_NOA_MRP_final_258186.json,4109,8364,12473,3776,
Oak Hills Development WWTP,5-2-23-Oak Hills NOA_MRP.txt,5-2-23-Oak Hills NOA_MRP_245564.json,3827,8471,12298,3328,
Indian Springs Wastewater Treatment Facility,12-9-25_IndianSprings2014-0153NOA.txt,12-9-25_IndianSprings2014-0153NOA_232363.json,3801,8157,11958,3072,
Dunnigan WWTF,dunnigan_wdrs_r5-2021-0045.txt,dunnigan_wdrs_r5-2021-0045_220844.json,4212,8709,12921,3392,
Camp Roberts Main (West) Garrison WWTP,wdr_2014_final.txt,wdr_2014_final_212962.json,2937,8341,11278,2176,
Atascadero State Hospital,Atascadero State Hospital Revised NOA MRP_Final.txt,Atascadero State Hospital Revised NOA MRP_Final_206651.json,5011,8478,13489,4096,
California Utilities,R3-2020-0020 NOA Cal Utilities_final.txt,R3-2020-0020 NOA Cal Utilities_final_212424.json,2744,8415,11159,2240,
Calpella CWD WWTP,19_0010_Calpella_WDR_MRP.txt,19_0010_Calpella_WDR_MRP_212776.json,3027,8360,11387,2560,
Cambria CSD WWTP,12-8-25_Cambria CSD 2020-0020_NOA.txt,12-8-25_Cambria CSD 2020-0020_NOA_212858.json,209,8095,8304,192,
Casa Del Rey HA,2014-0153-dwq-r5234.txt,2014-0153-dwq-r5234_213409.json,2346,8086,10432,2240,
Tooleville WWTF,NOA 2014-0153-DWQ-R5419_Tooleville WWTF.txt,NOA 2014-0153-DWQ-R5419_Tooleville WWTF_264740.json,2283,8180,10463,1984,
Traver WWTF,2014-0153-DWQ-R5418 Traver WWTF NOA.txt,2014-0153-DWQ-R5418 Traver WWTF NOA_266310.json,3519,8269,11788,2944,
Circle Oaks WWTF,2014-0153-dwq-r5432_noa.txt,2014-0153-dwq-r5432_noa_214559.json,2469,8343,10812,2112,
Fillmore Water Recycling Plant,10753_Order R4-2023-0426.txt,10753_Order R4-2023-0426_889990.json,2737,8462,11199,2112,
Gonzales WWTP,Aug2025_GonzalesSecondRevisedNOA_MRP_0020_final.txt,Aug2025_GonzalesSecondRevisedNOA_MRP_0020_final_227602.json,3964,8332,12296,3200,
Vista Canyon Water Factory,10041_R4-2020-0049_WDR.txt,10041_R4-2020-0049_WDR_805193.json,4324,8355,12679,3456,
City of Santa Maria WWTP,Santa Maria R3-2020-0020 NOA_MRP_final.txt,Santa Maria R3-2020-0020 NOA_MRP_final_255678.json,4581,8511,13092,3648,
Civita Water Reclamation Facility,Order_R9-2020-0108_Civita-signed.txt,Order_R9-2020-0108_Civita-signed_849194.json,4341,8472,12813,3456,
Bombay Beach STP,2013_0024cvwd_bombay_beach_wdr_mrp.txt,2013_0024cvwd_bombay_beach_wdr_mrp_209999.json,2154,8198,10352,1792,
Corcoran WWTF,R5_2021_0025_01_Corcoran WWTF.txt,R5_2021_0025_01_Corcoran WWTF_273108.json,2664,8301,10965,2240,
Corcoran WWTF,r5_2021_0025.txt,r5_2021_0025_273108.json,2246,8299,10545,1856,
Corona WWRF #2,"11-015_City of Corona, DWP Reissuance of WDR_Fac2.txt","11-015_City of Corona, DWP Reissuance of WDR_Fac2_259173.json",3911,8174,12085,3008,
Fresno Cnty Juvenile Justice WWTF,r5-2007-0150.txt,r5-2007-0150_234146.json,5951,9027,14978,4416,
Fresno Cnty #44A-Millerton Lake MHV WWTF,NOA_Millerton Lake MHV_2014_0153_DWQ_R5368 .txt,NOA_Millerton Lake MHV_2014_0153_DWQ_R5368 _201082.json,3184,8159,11343,2688,
Fresno Cnty #44-D Monte Verdi Estates WWTF,Monte Verde Small Dometic WWTF NOA.txt,Monte Verde Small Dometic WWTF NOA_201081.json,5607,8702,14309,4800,
Fresno Cnty #34-Millerton New Town WWTF,r5-2008-0127[1].txt,r5-2008-0127[1]_201076.json,7691,8922,16613,6144,
Fresno Cnty #32-Cantua Creek WWTF,NOA-2014-0153-dwq-r5335.txt,NOA-2014-0153-dwq-r5335_201075.json,3383,8879,12262,3008,
Fresno Cnty #30-El Porvenir WWTF,El Porvenir_NOA.txt,El Porvenir_NOA_201073.json,2350,8333,10683,1984,
Chualar WWTP,09-20-2022_R3-2020-0020 NOA MRP Chualar_Final.txt,09-20-2022_R3-2020-0020 NOA MRP Chualar_Final_241305.json,4970,8602,13572,4096,
Cypress Ridge Sewer Facility,0153 NOA and MRP for Cypress Ridge WWTP_final.txt,0153 NOA and MRP for Cypress Ridge WWTP_final_216491.json,5414,8848,14262,4096,
Tenaya Lodge WWTP,2014-0153-DWQ-R5233.txt,2014-0153-DWQ-R5233_263168.json,5463,9048,14511,4736,
Willow Creek Apartments,110510_CA_RRO_WillowCreek_MRP_tmk.txt,110510_CA_RRO_WillowCreek_MRP_tmk_766558.json,3128,8251,11379,2752,
Davenport WWTP,1-MRR_r3_2019_0008-signed.txt,1-MRR_r3_2019_0008-signed_219169.json,2949,8115,11064,2368,
Del Rio East HOA WWTP,Del Rio East NOA.txt,Del Rio East NOA_602499.json,3272,8428,11700,3008,
Delano WWTF,R5-2017-0052.txt,R5-2017-0052_273109.json,4531,8238,12769,3648,
Dinuba WWTF,R5-2023-0046_WDR_City of Dinuba.txt,R5-2023-0046_WDR_City of Dinuba_273110.json,5599,8809,14408,4480,
Dixon WWTF,r5-2014-0098.txt,r5-2014-0098_220396.json,5466,8719,14185,4800,
Camanche North Shore Recreation Area Water Treatment Plant Land Application,r5-2012-0023.txt,r5-2012-0023_741089.json,4327,8342,12669,3584,
EBMUD Pardee Center WWTF,EBMUD_PardeeCenter_NOA.txt,EBMUD_PardeeCenter_NOA_222129.json,4523,8437,12960,3648,
Camanche North Shore WWTP,2014-0153-dwq-r5338_noa.txt,2014-0153-dwq-r5338_noa_212847.json,4205,8568,12773,3456,
Sterling Natural Resource Center WWTF,R8-2023-0009_EVWD_SNRC_esigned.txt,R8-2023-0009_EVWD_SNRC_esigned_835078.json,906,8150,9056,768,
Temecula Valley RWRF,08-0008 EMWD.txt,08-0008 EMWD_263145.json,5630,9868,15498,4608,
Sun City RWRF,08-0008 EMWD.txt,08-0008 EMWD_259223.json,5680,9860,15540,4608,
Perris Valley RWRF,08-0008 EMWD.txt,08-0008 EMWD_259209.json,9107,9864,18971,7296,
Moreno Valley RWRF,08-0008 EMWD.txt,08-0008 EMWD_259203.json,5280,9860,15140,4224,
San Jacinto Valley RWRF,08-0008 EMWD.txt,08-0008 EMWD_259193.json,5781,9868,15649,4480,
Union Mine Disposal Site,r5-2006-0019-001_wdr.txt,r5-2006-0019-001_wdr_641209.json,3785,8087,11872,3264,
Union Mine Disposal Site,r5-2006-0019-002_wdr.txt,r5-2006-0019-002_wdr_641209.json,3744,8082,11826,3200,
Union Mine Disposal Site,r5-2006-0019.txt,r5-2006-0019_641209.json,2474,8096,10570,1920,
Camino Heights WWTP,r5-2012-0045.txt,r5-2012-0045_212899.json,6240,8505,14745,5248,
Gold Ridge Forest Unit 3,2014-0153-DWQ-R5293_06Aug2019_NOA.txt,2014-0153-DWQ-R5293_06Aug2019_NOA_227444.json,2668,8658,11326,2304,
El Toro Water Dist WWRF,R8-2015-0023_El_Toro_Water_District.txt,R8-2015-0023_El_Toro_Water_District_271777.json,5194,8528,13722,4160,
El Toro Water Dist WWRF,R8-2019-0052_El_Toro_Water_District_WDR_Amendment_of_R8-2015-0023.txt,R8-2019-0052_El_Toro_Water_District_WDR_Amendment_of_R8-2015-0023_271777.json,4719,8229,12948,3776,
Hale Avenue Resource Recovery Facility (HARRF) Recycled Water,HARRF R9-2010-0032.txt,HARRF R9-2010-0032_229727.json,6212,8460,14672,4864,
Etna STP,15_0026_Etna_WDR.txt,15_0026_Etna_WDR_222998.json,2019,8199,10218,1792,
Farmersville WWTF,R5_2022-0026_WDR_Farmersville WWTF.txt,R5_2022-0026_WDR_Farmersville WWTF_273113.json,3610,8131,11741,3008,
Fort Jones City WWTP,14_0029_FortJones_WDR.txt,14_0029_FortJones_WDR_225072.json,4243,8163,12406,3712,
North Fresno WWRF,r5-2014-0162.txt,r5-2014-0162_215677.json,4664,8523,13187,3776,
Fresno Regional WWTF,Order R5-2018-0080.txt,Order R5-2018-0080_273115.json,6283,8778,15061,4736,
Mira Bella WWTF,Mira Bella WWTF_NOA_2014-0153-DWQ-R5379.txt,Mira Bella WWTF_NOA_2014-0153-DWQ-R5379_240892.json,2439,8915,11354,2240,
Garberville POTW,18_0033_Garberville_WDR.txt,18_0033_Garberville_WDR_226719.json,4526,8219,12745,3776,
Gold Mountain WWTF,Gold Mountain CSD_NOA-Memo-MRP_.txt,Gold Mountain CSD_NOA-Memo-MRP__227440.json,1932,8238,10170,1728,
Golden Meadows STP (sand filter),2014-0153-dwq-r5235.txt,2014-0153-dwq-r5235_227507.json,3179,8250,11429,2944,
Google Bay View Campus,Google Bay View Notice of Applicability Package 2022-07.txt,Google Bay View Notice of Applicability Package 2022-07_862046.json,5455,8500,13955,4160,
"Greek Orthodox Monestery of the Theotokos, The Life Giving Spring",2014-0153-DWQ-R5184.txt,2014-0153-DWQ-R5184_815678.json,1020,8406,9426,896,
"Greenfield WWTP, City of",Oct2024_GreenfieldNOA_MRP_0020_Final.txt,Oct2024_GreenfieldNOA_MRP_0020_Final_227893.json,4864,8905,13769,3968,
Guadalupe WWTP,GUAD R3-2020-0020_NOA MRP REV 2024 Final.txt,GUAD R3-2020-0020_NOA MRP REV 2024 Final_228104.json,1551,8488,10039,1536,
Gualala WWTF,22_0004_Gualala_CSD_WDR.txt,22_0004_Gualala_CSD_WDR_228109.json,5695,8625,14320,4416,
Happy Camp WWTP,22_0011_HappyCamp_WDR.txt,22_0011_HappyCamp_WDR_229643.json,2304,8381,10685,2048,
Harris Farms Farm Labor Housing Facility,Harris_Farms_Labor_Housing_NOA.txt,Harris_Farms_Labor_Housing_NOA_224179.json,3714,8519,12233,3200,
Helendale Silverlakes STP,R6V-2018-0015 Helendale CSD_Silver Lakes WWTP_6B361111001.txt,R6V-2018-0015 Helendale CSD_Silver Lakes WWTP_6B361111001_230011.json,4265,8501,12766,3072,
Herlong Public Utility District WWTF,r6t-2016-0036_herlong.txt,r6t-2016-0036_herlong_230784.json,5082,8403,13485,3968,
Hi-Desert WD Reclamation Facility,R7-2022-0014.txt,R7-2022-0014_806008.json,5583,8140,13723,4544,
Hilton Creek CSD Package STP,6-04-18 Revised WDR hilton Creek COmmunity Services District.txt,6-04-18 Revised WDR hilton Creek COmmunity Services District_230429.json,3680,8233,11913,3136,
Hoberg's Resort,r5-2004-0085.txt,r5-2004-0085_239190.json,4909,8996,13905,3840,
Hollister Domestic WWTP,Hollister 0068_NOA&MRP_final.txt,Hollister 0068_NOA&MRP_final_230555.json,3492,8494,11986,3008,
Hopland Public Utilities District,23_0013_Hopland PUD WWTF_WDR_EO Signed.txt,23_0013_Hopland PUD WWTF_WDR_EO Signed_230693.json,2568,8351,10919,2048,
Housing Authority Cnty of Merced - Los Banos,Los Banos Migrant NOA .txt,Los Banos Migrant NOA _240362.json,1751,8535,10286,1536,
Hughson WWTF,r5-2012-0003.txt,r5-2012-0003_230812.json,4338,8373,12711,3456,
Hume Lake WWTF,r5-2012-0125.txt,r5-2012-0125_273148.json,8073,9278,17351,6784,
Huron WWTF,r5-2014-0163.txt,r5-2014-0163_273119.json,4921,8669,13590,4224,
I-5 & Panoche Road WWTF,NOA 2014_0153_dwq_r5281.txt,NOA 2014_0153_dwq_r5281_232098.json,4150,8458,12608,3456,
Idyllwild WD WWTP,R8-2015-0028_Idyllwild_Water_District_WDR.txt,R8-2015-0028_Idyllwild_Water_District_WDR_259155.json,3733,8738,12471,2688,
Poe Colonia (Cady Subdivision),R7-2023-0015.txt,R7-2023-0015_248787.json,5180,8734,13914,4352,
Ione WWTF,r5-2013-0022.txt,r5-2013-0022_214640.json,5709,9465,15174,4864,
JH Ranch,16_0013_JHRanch_WDR.txt,16_0013_JHRanch_WDR_805724.json,3280,8369,11649,2880,
Jamestown Sanitary District Wastewater Treatment Facilities,Jamestown WDRs r5_2021_0046.txt,Jamestown WDRs r5_2021_0046_233460.json,6288,8731,15019,4544,
Lake Cnty SD Kelseyville WWD No. 3 Kelseyville WWTF,R5-2009-0023.txt,R5-2009-0023_736188.json,4219,9426,13645,3520,
Kendall-Jackson Wine Center Domestic Waste,120411_RSP_KJWineCenter_GenEnroll_12_0057_MRP_tmk.txt,120411_RSP_KJWineCenter_GenEnroll_12_0057_MRP_tmk_771804.json,4596,8147,12743,3968,
Kerman WWTF,Kerman WWTF R5-2007-0115.txt,Kerman WWTF R5-2007-0115_234841.json,6188,8651,14839,4864,
Kern Cnty Sheriff's Lerdo WWTF,r5-2018-0014.txt,r5-2018-0014_256772.json,4503,8945,13448,3584,
Kern Cnty CSA 39.8-Reeder Tract,2014-0153-DWQ-R5303.txt,2014-0153-DWQ-R5303_252277.json,4248,8125,12373,3264,
King City Domestic WWTF,King City Big Order NOA_MRP_Final.txt,King City Big Order NOA_MRP_Final_235021.json,4124,9018,13142,3264,
Kirkwood Meadows WWTF,R5-2007-0125-wdr.txt,R5-2007-0125-wdr_235088.json,5389,8800,14189,4224,
Knights Landing CSD WWTP,R5-2007-0149.txt,R5-2007-0149_235144.json,3120,8556,11676,2816,
Lake Isabella WWTF,Lake Isabella Wastewater Treatment Facility NOA 2-6-2020.txt,Lake Isabella Wastewater Treatment Facility NOA 2-6-2020_236222.json,3175,8683,11858,2752,
LPC Arrowhead Area 1 LP OWTS,LPC Arrowhead Area 1 LP OWTS NOA.txt,LPC Arrowhead Area 1 LP OWTS NOA_893349.json,3707,8262,11969,3200,
Laguna County Sanitation District Reclamation Plant,LCSD R3-2020-0020 NOA MRP.txt,LCSD R3-2020-0020 NOA MRP_236124.json,8409,10015,18424,6528,
Almanor Lakeside Villas WWTF,97-010-dwq.txt,97-010-dwq_205205.json,4294,8384,12678,3712,
Hacienda WWTP,97-010_ NOA.txt,97-010_ NOA_229466.json,1517,8105,9622,1344,
Lake Shastina CSD STP,12_0029_WDR_LakeShastina_KVG_120618.txt,12_0029_WDR_LakeShastina_KVG_120618_236258.json,4907,8770,13677,4352,
Lakeport City WWTP,r5-2012-0025.txt,r5-2012-0025_241869.json,1890,8179,10069,1600,
Lamont WWTF,R5-2022-0059_Lamont WWTF_WDR.txt,R5-2022-0059_Lamont WWTF_WDR_273174.json,3241,8219,11460,2816,
Las Gallinas Sludge App,LGVSD Notice of Applicability Package.txt,LGVSD Notice of Applicability Package_236597.json,465,8354,8819,448,
Laton WWTF,r5-2016-0079.txt,r5-2016-0079_273175.json,4345,8346,12691,3520,
Lemoore WWTF,R5-2024-0007_Leprino Foods_WDRs.txt,R5-2024-0007_Leprino Foods_WDRs_273120.json,5836,8757,14593,4736,
Gafner Water Reclamation Facility,R9-2004-0223 .txt,R9-2004-0223 _226637.json,2468,8088,10556,1920,
"Lewiston CSD WWTP, POTW",20_0024_LewistonCSD_WDR.txt,20_0024_LewistonCSD_WDR_236941.json,1475,8079,9554,1344,
Little Bear WWTP,NOA_MRP_LittleBear_0153_2023_final.txt,NOA_MRP_LittleBear_0153_2023_final_237149.json,4046,8567,12613,3328,
Lockeford CSD WWTP,R5-2007-0179.txt,R5-2007-0179_237252.json,6382,9166,15548,5568,
Los Alamos WWTP,08-24-2022_WDR_Los Alamos NOA MRP Final.txt,08-24-2022_WDR_Los Alamos NOA MRP Final_237395.json,4406,8455,12861,3648,
Hyperion Advanced Water Purification Facility,10735_R4-2023-0357_WDR.txt,10735_R4-2023-0357_WDR_888692.json,7609,9315,16924,6656,
Trancas WPCP,3017_Attachments.txt,3017_Attachments_268548.json,209,8180,8389,192,
Trancas WPCP,3017_R4-2023-0294.txt,3017_R4-2023-0294_268548.json,7024,8617,15641,5696,
Lancaster Water Reclamation Plant,r6v-2022-0023-lacsd-rev-wdr.txt,r6v-2022-0023-lacsd-rev-wdr_236378.json,3891,8613,12504,2688,
Palmdale Water Reclamation Plant,R6V-2011-0012 LACSD Palmdale No. 20 WDR and MRP.Final.txt,R6V-2011-0012 LACSD Palmdale No. 20 WDR and MRP.Final_247448.json,3048,8230,11278,2624,
Los Banos WWTF,r5_2021_0026.txt,r5_2021_0026_273122.json,4427,8389,12816,3776,
Oasis West RV Park,Oasis West RV Park WWTF (Formerly Los Banos WestI-5 KOA WWTF)-Ownership Change.txt,Oasis West RV Park WWTF (Formerly Los Banos WestI-5 KOA WWTF)-Ownership Change_255393.json,2884,8372,11256,2688,
City of Loyalton and Grandi Ranch WWTF,R5-2009-0108.txt,R5-2009-0108_214650.json,4590,8949,13539,3776,
Wilderness Lakes WWTP,"09-0046 MHC NAC, Inc, Wilderness Lakes RV Park WWTF.txt","09-0046 MHC NAC, Inc, Wilderness Lakes RV Park WWTF_259218.json",3682,8388,12070,3072,
Madera WWTF,R5-2022-0074_Madera WWTF_WDR.txt,R5-2022-0074_Madera WWTF_WDR_273123.json,5597,8562,14159,4416,
Madera Cnty #19-Parkwood WWTF,Parkwood OWTS_NOA_2014-0153-DWQ-R5412.txt,Parkwood OWTS_NOA_2014-0153-DWQ-R5412_201067.json,3202,8102,11304,2816,
Madera Cnty #14-Chukchansi WWTF,NOA 2014-0153-dwq-r5326.txt,NOA 2014-0153-dwq-r5326_214483.json,2682,8286,10968,2240,
Madera Cnty #7-Marina View Heights WWTF,NOA 2014-0153-DWQ-R5398_Marina View Heights WWT F.txt,NOA 2014-0153-DWQ-R5398_Marina View Heights WWT F_201087.json,3412,8305,11717,2752,
Madera Cnty #37-La Vina WWTF,2014-0153-dwq_r5348.txt,2014-0153-dwq_r5348_201077.json,2363,8324,10687,2048,
Madera Cnty #28 Ripperdan WWTF,NOA_RipperdanWWTF.txt,NOA_RipperdanWWTF_201072.json,3106,8341,11447,2624,
Madera Cnty #24 Teaford Meadow Lakes WWTF,2014-0153-DWQ-R5401 Teaford Meadow Lakes WWTF NOA.txt,2014-0153-DWQ-R5401 Teaford Meadow Lakes WWTF NOA_201070.json,3535,8262,11797,2816,
Gunner Ranch Water Reclamation Plant,Gunner Ranch r5-2019-0084_wdrs.txt,Gunner Ranch r5-2019-0084_wdrs_273147.json,5020,8373,13393,4352,
Malibu Bay Club WWTP,5774_R4-2012-0073_WDR_PKG.txt,5774_R4-2012-0073_WDR_PKG_242135.json,4791,8950,13741,3904,
Manila CSD WWTP,22_0003_ManilaCSD_WDR_Final_signed.txt,22_0003_ManilaCSD_WDR_Final_signed_239317.json,4766,8413,13179,4032,
Coulterville WWTF,NOA 2014-0153-DWQ-R5388_Coulterville WWTF.txt,NOA 2014-0153-DWQ-R5388_Coulterville WWTF_215910.json,2761,8308,11069,2112,
Mariposa Pines WWTF,Mariposa Pines WWTF NOA.txt,Mariposa Pines WWTF NOA_239543.json,3064,9577,12641,2752,
Don Pedro Sewer Zone 1,R5-2013-0062.txt,R5-2013-0062_220495.json,3492,8063,11555,2944,
McCabe Municipal WWTP,7A130136001_NOA.txt,7A130136001_NOA_815299.json,4717,8482,13199,3840,
McCloud WWTF,r5-2017-0078.txt,r5-2017-0078_240000.json,3939,8929,12868,3648,
McFarland WWTF,r5-2008-0072.txt,r5-2008-0072_273125.json,3857,9012,12869,3264,
I-5 & Highway 58 WWTF,r5-2007-0152.txt,r5-2007-0152_273149.json,4370,8426,12796,3520,
Mendota WWTF,r5-2016-0054.txt,r5-2016-0054_273126.json,6285,9176,15461,5248,
Microsoft Silicon Valley Recycled Water System,2020-07_Microsoft Silicon Valley NOA Combined.txt,2020-07_Microsoft Silicon Valley NOA Combined_860254.json,5089,8524,13613,3904,
Miranda POTW,19_0002_Miranda_CSD_WDR.txt,19_0002_Miranda_CSD_WDR_240917.json,2940,8307,11247,2176,
Mission Hills La Purisima WWTP,MHCSD Order R3-2019-0042-5-17-2019_signed.txt,MHCSD Order R3-2019-0042-5-17-2019_signed_240951.json,3490,8326,11816,3136,
Mission Hills La Purisima WWTP,wdr_standard_provisions_2013.txt,wdr_standard_provisions_2013_240951.json,2721,8103,10824,2432,
Alan Horton WWTP,R7-2022-0008.txt,R7-2022-0008_204870.json,6034,8970,15004,4928,
Desert Crest WWTP,R7-2014-0048.txt,R7-2014-0048_219649.json,4400,8513,12913,3584,
Monterey Bay Academy WWTP,Monterey Bay Academy NOA MRP_Final.txt,Monterey Bay Academy NOA MRP_Final_241299.json,4257,9151,13408,3840,
Lake San Antonio Southshore WWTP,08-12-2022_WDR_Lake San Antonio Recreation Area South Shore WWTP NOA_final.txt,08-12-2022_WDR_Lake San Antonio Recreation Area South Shore WWTP NOA_final_236252.json,5504,8237,13741,4992,
Monterey Dunes Colony WWTP,5-5-22_Monterey Dunes Mutual Water Association draft NOA MRP_final.txt,5-5-22_Monterey Dunes Mutual Water Association draft NOA MRP_final_241306.json,1527,8045,9572,1344,
Napa Berryessa WTF,r5-2013-0065.txt,r5-2013-0065_243845.json,4497,9243,13740,3776,
City of Newman WWTF,r5-2018-0024_info.txt,r5-2018-0024_info_244250.json,3445,8341,11786,2816,
Nipomo CSD Southland Treatment Facility,Nipomo_Southland_BigOrder_NOA_final.txt,Nipomo_Southland_BigOrder_NOA_final_244361.json,3827,8311,12138,3008,
Nipomo CSD Black Lake - Reclaimed Water Producer,Nipomo_Blacklake_NOA_final.txt,Nipomo_Blacklake_NOA_final_244360.json,5838,8464,14302,4864,
North of River WWTF,r5-2009-0088.txt,r5-2009-0088_273143.json,3773,8292,12065,2752,
Oakwood Lake WWTF,R5-2006-0114-001.txt,R5-2006-0114-001_241099.json,4172,8256,12428,3328,
Oakwood Lake WWTF,R5-2006-0114.txt,R5-2006-0114_241099.json,5044,8225,13269,4224,
Oakwood Lake WWTF,R5-2016-0068.txt,R5-2016-0068_241099.json,3714,8254,11968,2752,
Orange Cove WWTF,r5-2004-0008.txt,r5-2004-0008_273127.json,4292,8224,12516,3520,
Ralph W Chapman WRF,Order No. R9-2007-0038.txt,Order No. R9-2007-0038_251548.json,4003,8211,12214,2880,
Pioneer Creek MH Community,Notice of Applicability_Pioneer Creek MH Community.txt,Notice of Applicability_Pioneer Creek MH Community_248476.json,2241,8401,10642,1920,
Pajaro Valley WMA and City of Watsonville Water Reclamation,masterreclamationpermit.txt,masterreclamationpermit_731257.json,4150,8273,12423,3136,
Palm Springs WWTF,R7-2024-0009.txt,R7-2024-0009_247435.json,5867,9718,15585,3776,
"Palm Springs Village-309, LLC Silvertip Resort Village WWTF",r5-2007-0140.txt,r5-2007-0140_257153.json,4132,8480,12612,3328,
Paradise Ranch WWTP,5671_R4-2011-0177_WDR_PKG.txt,5671_R4-2011-0177_WDR_PKG_249771.json,3650,8181,11831,3136,
Pauma Valley Treatment Plant,NOA_Pauma_Valley_WWTP signed dwg 05-12-21.txt,NOA_Pauma_Valley_WWTP signed dwg 05-12-21_247809.json,1972,8122,10094,1664,
EZ Trip 1277,PilotTravelCenters_2014-0153-DWQ.txt,PilotTravelCenters_2014-0153-DWQ_835076.json,4067,8851,12918,3520,
"Plant Sciences, Inc. Juniper Village 2, Macdoel Middle School",NOA - Plant Sciences.txt,NOA - Plant Sciences_901636.json,2545,8268,10813,2304,
Pleasant Ridge Elementary School WWTP,2014-0153-dwq-r5363.txt,2014-0153-dwq-r5363_248713.json,4552,8983,13535,3904,
Plumas Eureka Estates WWTF - WWTP 7,PECSD_ADA_NOA.txt,PECSD_ADA_NOA_248742.json,2578,8164,10742,2304,
Plumas Eureka Estates WWTF - WWTP 6,PECSD_ADA_NOA.txt,PECSD_ADA_NOA_903974.json,2620,8164,10784,2304,
Point Arena WWTP,22_0015_Point_Arena_WWTF_WDR.txt,22_0015_Point_Arena_WWTF_WDR_248791.json,2474,8398,10872,2112,
"Diocese of San Joaquin, Episcopal Conference Center Oakhurst (ECCO)",2014-0153-dwq-r5282.txt,2014-0153-dwq-r5282_220279.json,3445,8703,12148,2752,
Santa Maria WWTP,R9-2016-0154 Signed.txt,R9-2016-0154 Signed_255679.json,4256,8178,12434,3136,
Rancho Colina MH Estates STP,Ranch Colina 0153 NOA Final.txt,Ranch Colina 0153 NOA Final_251631.json,3301,8385,11686,2432,
Rancho Larios WWTP,5-27-22_0153 NOA Ranch Larios HOA Final.txt,5-27-22_0153 NOA Ranch Larios HOA Final_251675.json,3735,8205,11940,3008,
Rancho Murieta CSD WWT & Rec,R5-2014-0149.txt,R5-2014-0149_251695.json,5168,8455,13623,4032,
The Preserve at Millerton Lake,2014-0153-dwq-r5318Aug27.txt,2014-0153-dwq-r5318Aug27_244531.json,4747,8207,12954,4032,
River Island East WWTF,NOA 2014-0153-dwq-r5328.txt,NOA 2014-0153-dwq-r5328_273152.json,4769,9121,13890,3648,
Riverdale WWTF,Riverdale PUD IR.txt,Riverdale PUD IR_273185.json,3443,8174,11617,2944,
Riverdale WWTF,r5-2018-0028.txt,r5-2018-0028_273185.json,2281,8388,10669,1920,
Rosamond WTF (Ponds),R6V-2019-0251_WDR_Rosamond Adopted Full.txt,R6V-2019-0251_WDR_Rosamond Adopted Full_253293.json,6845,9170,16015,5504,
Konocti Harbor Resort,r5-2002-0157.txt,r5-2002-0157_235208.json,3714,8214,11928,3200,
Boys Ranch WWTF,r5-2004-0003.txt,r5-2004-0003_210156.json,2283,8187,10470,2112,
Rancho Seco Recreational Area WWTF,rancho_seco-wqo2014-0153-R5367.txt,rancho_seco-wqo2014-0153-R5367_739749.json,3342,8292,11634,3008,
SCSD Desert Shores WWTP,R7-2025-0016.txt,R7-2025-0016_219671.json,2590,8421,11011,2432,
SCSD Thomas R. Cannell WWTP,R7-2024-0020.txt,R7-2024-0020_647900.json,2937,8123,11060,2496,
San Ardo WWTP,San Ardo NOA and MRP_final.txt,San Ardo NOA and MRP_final_255190.json,337,8179,8516,320,
Park Moabi WWTF,0017moabi.txt,0017moabi_247644.json,3157,8185,11342,2688,
Pine Valley WW Polltn Cntl Fac (Pine Valley Sanitation District) OWTS,Signed NOA with Enclosures- Pine Valley.txt,Signed NOA with Enclosures- Pine Valley_248439.json,1732,8474,10206,1536,
Julian Water Pollution Facility,Required Plans for Julian WPCF.txt,Required Plans for Julian WPCF_234117.json,5824,8533,14357,4736,
Rancho Del Campo WPCF OWTS,NOA_RanchDelCampoWWTP.txt,NOA_RanchDelCampoWWTP_251653.json,3626,8193,11819,2880,
Camp Mather,Order No 2014-0153-DWQ-R5265.txt,Order No 2014-0153-DWQ-R5265_737529.json,3895,8869,12764,3392,
San Jerardo WWTP,NOA_MRP_Sept_24_2019.txt,NOA_MRP_Sept_24_2019_255306.json,3357,8640,11997,3008,
San Joaquin WWTF,r5-2007-0100.txt,r5-2007-0100_273132.json,5614,8555,14169,4928,
CSA 44-Zone G (Linne),San Joaquin County_ NOA.txt,San Joaquin County_ NOA_237113.json,5316,8464,13780,3968,
County Service Area (CSA) 44 Zone E (Castello),CSA 44 Zone E_NOA.txt,CSA 44 Zone E_NOA_216287.json,4536,8405,12941,3520,
Oak Shores Development CSA-7A,0153-NOA_Oak Shores Development_final.txt,0153-NOA_Oak Shores Development_final_245581.json,4221,8423,12644,3648,
Country Club Estates SLO Co CSA-18,11-20-25_2025_CSA18_NOA_final.txt,11-20-25_2025_CSA18_NOA_final_215915.json,4877,8790,13667,3968,
San Miguel CSD Machado WWTP,1-15-26_San Miguel revised NOA and MRP.txt,1-15-26_San Miguel revised NOA and MRP_255430.json,3387,8577,11964,2816,
San Miguelito Wild Cherry Canyon,R3-2020-0020 NOA San Miguelito_final.txt,R3-2020-0020 NOA San Miguelito_final_272525.json,3696,8263,11959,3072,
Sanger WWTF,r5-2014-0004.txt,r5-2014-0004_273133.json,6157,8256,14413,4736,
Cachuma Lake Recreation Area WWTP,6-15-22_NOA 0153- Cachuma Sanitation_final_signed.txt,6-15-22_NOA 0153- Cachuma Sanitation_final_signed_212455.json,4421,8399,12820,3712,
Jalama Beach County Park WWTP,Jalama-NOA 0153_June 2024_final.txt,Jalama-NOA 0153_June 2024_final_233409.json,4972,9269,14241,4416,
"Two Harbors STP, Catalina Island",4840_R4-2013-0137_WDR_PKG.txt,4840_R4-2013-0137_WDR_PKG_268842.json,4111,8665,12776,3008,
Big Basin Woods Subdivision WWTP,0153 NOA and MRP for Big Basin WWTP_final.txt,0153 NOA and MRP for Big Basin WWTP_final_209483.json,3477,8483,11960,3008,
Boulder Creek Golf & Cntry Club WWTP,09-30-2022_WDR_Boulder Creek Golf and Country Club 0153 NOA MRP final.txt,09-30-2022_WDR_Boulder Creek Golf and Country Club 0153 NOA MRP final_210116.json,4010,8956,12966,3328,
Boulder Creek Golf & Cntry Club WWTP,Boulder Creek Golf and Country Club 0153 NOA Revised 2024 (2).txt,Boulder Creek Golf and Country Club 0153 NOA Revised 2024 (2)_210116.json,3575,8957,12532,3072,
Santa Lucia WW Recycling Facility (Prod/User),SWRCB WQO 2014-0153-DWQ.txt,SWRCB WQO 2014-0153-DWQ_255653.json,3239,8371,11610,2816,
Santa Paula WRF,9259_R4-2018-0022 amended.txt,9259_R4-2018-0022 amended_650554.json,5768,8469,14237,4288,
Santa Paula WRF,9259_R4-2018-0022-A01.txt,9259_R4-2018-0022-A01_650554.json,5640,8529,14169,4096,
Golden Hills Mobile Home Park,Golden hills mobile park NOA.txt,Golden hills mobile park NOA_227501.json,4341,8514,12855,3904,
"Sonoma Co Service Area 41, Zone 2, Sea Ranch Onsite Wastewater Management Zone",17_0014_SeaRanch_OWTS_WDR.txt,17_0014_SeaRanch_OWTS_WDR_255836.json,2119,8187,10306,1792,
Oroville Wastewater Treatment Plant Construction Dewatering Project,orovillewwtp_noa.txt,orovillewwtp_noa_901334.json,2659,8576,11235,2304,
Palo Cedro WWTF,Palo Cedro_WDR_R5-2017-0080_Signed.txt,Palo Cedro_WDR_R5-2017-0080_Signed_247464.json,3238,8174,11412,2880,
Foothill Elementary School WWTF,2014-0153-dwq-r5337 NOA for Foothill Middle School WWTF.txt,2014-0153-dwq-r5337 NOA for Foothill Middle School WWTF_224827.json,3193,8144,11337,2752,
Sierra High School WWTF,Sierra High School_WWTF_final noa.txt,Sierra High School_WWTF_final noa_273188.json,2954,8532,11486,2304,
Silver Oak Cellars - Highway 128 Alexander Valley (Domestic Waste),Silver Oak Cellars.txt,Silver Oak Cellars_816488.json,5654,8450,14104,4736,
Big Rock Ranch Recycled Water,Big Rock Ranch NOA Package.txt,Big Rock Ranch NOA Package_822928.json,4089,8381,12470,3264,
Solvang WWTP,Revised_Solvang_R3-2020-0020 NOA_MRP_Oct19_2023_final.txt,Revised_Solvang_R3-2020-0020 NOA_MRP_Oct19_2023_final_257687.json,5714,8735,14449,4864,
SCWA Geyserville CSD,19_0013_Geyserville Sanitation Zone WWTF_WDR.txt,19_0013_Geyserville Sanitation Zone WWTF_WDR_256049.json,3061,8328,11389,2560,
SCWA Airport WRF (Airport-Larkfield-Wikiup),19_0007_Airport-Larkfield-Wikiup_SanitationZone_WDR.txt,19_0007_Airport-Larkfield-Wikiup_SanitationZone_WDR_256045.json,4578,8273,12851,3456,
Sonoma West Holdings Wastewater Treatment Facility Plant No. 2 - Domestic,250106_MTH_SonomaWest_SDS_NOA & MRP- Final.txt,250106_MTH_SonomaWest_SDS_NOA & MRP- Final_897866.json,2590,8219,10809,1984,
Spalding Tract Sewer System,R6T-2006-0020 Spalding WDR.txt,R6T-2006-0020 Spalding WDR_638757.json,4065,8197,12262,3584,
Foothill Horizons School,97_10_DWQ_R5051.txt,97_10_DWQ_R5051_647162.json,1404,8101,9505,1216,
Stoco WWTF,r5-2007-0153.txt,r5-2007-0153_258743.json,4100,8527,12627,3456,
National Chavez Center WWTF,Cesar Chavez National Monument WWTF NOA 3-13-2020.txt,Cesar Chavez National Monument WWTF NOA 3-13-2020_273155.json,2772,8497,11269,2432,
Stratford WWTF,Stratford WWTF NOA Revised Enrollee No.txt,Stratford WWTF NOA Revised Enrollee No_273135.json,3712,8396,12108,3392,
Strathmore  WWTF,Strathmore PUB r5-2016-0061.txt,Strathmore PUB r5-2016-0061_273192.json,4494,8357,12851,3648,
Camp Sugar Pine,NOA Camp Sugar Pine 2014-0153-DWQ-R5340.txt,NOA Camp Sugar Pine 2014-0153-DWQ-R5340_212973.json,2719,8293,11012,2368,
Ridgemark Estates WWTP,5-27-22_R3-2020-0020_NOA_Ridgemark_Estates_final.txt,5-27-22_R3-2020-0020_NOA_Ridgemark_Estates_final_252700.json,4459,8680,13139,3648,
SYSCO Food Services of Sacramento,R5-2009-0062.txt,R5-2009-0062_739902.json,2814,8200,11014,2496,
Tejon Industrial Complex East WWTF,R5-2011-0066.txt,R5-2011-0066_740731.json,3917,8111,12028,3008,
Tejon Mountain Village,WDRs r5-2019-0085.txt,WDRs r5-2019-0085_739154.json,5016,8712,13728,3904,
Tejon Industrial Complex West WWTF,r5-2008-0004.txt,r5-2008-0004_273156.json,4519,8499,13018,3648,
Meadowbrook WWTF (Templeton CSD),3-23-26_NOA_MRP_TempletonCSD.txt,3-23-26_NOA_MRP_TempletonCSD_240168.json,4137,8805,12942,3200,
Tennant CSD ST/LF,16_0019_Tennant_WDR.txt,16_0019_Tennant_WDR_263172.json,1637,8216,9853,1408,
Tesoro Viejo WWTP,R5_2016_0057.txt,R5_2016_0057_817457.json,5563,8439,14002,4416,
The Villas at Butte Creek WWTP,The Villas_NOA-Memo-MRP.txt,The Villas_NOA-Memo-MRP_270563.json,3093,8415,11508,2688,
Tranquillity WWTF,NOA _Tranquillity PUD_WWTF_2014-0153-DWQ-R5361.txt,NOA _Tranquillity PUD_WWTF_2014-0153-DWQ-R5361_273195.json,3605,8346,11951,3264,
Tres Pinos WWTP,Tres Pinos 0153 NOA_final.txt,Tres Pinos 0153 NOA_final_266350.json,3661,8172,11833,3392,
Trinity County Waterworks District #1 Hayfork WWTP,12_0105_WDR_Hayfork.txt,12_0105_WDR_Hayfork_229873.json,4209,8441,12650,3392,
City of Tulare WWTF,r5-2013-0019.txt,r5-2013-0019_872487.json,4178,8122,12300,3328,
Delft Colony WWTF,Delft Colony WWTF NOA 2014-0153-DWQ-R5427.txt,Delft Colony WWTF NOA 2014-0153-DWQ-R5427_219515.json,3650,8290,11940,3136,
Tuolumne City WWTP,R5-2019-0058.txt,R5-2019-0058_266720.json,4686,8337,13023,4224,
Sonora Regional WWTF,R5-2024-0016_Sonora Regional WWTF_WDR.txt,R5-2024-0016_Sonora Regional WWTF_WDR_257763.json,6425,9843,16268,5056,
Trimmer Recreation Area - Pine Flat Lake,Trimmer_NOA_2014-0153-dwq-r5252.txt,Trimmer_NOA_2014-0153-dwq-r5252_707474.json,4024,8313,12337,3584,
Island Park Recreation Area - Pine Flat Lake,NOAPineFlatLakeIslandPark.txt,NOAPineFlatLakeIslandPark_707492.json,3169,8151,11320,2624,
Hensley Lake,Hensley Lake_2014_0153-dwq_r5358.txt,Hensley Lake_2014_0153-dwq_r5358_230092.json,2566,8403,10969,2368,
US Coast Guard TRACEN - Tomales,12_0033_WDR_USCG.txt,12_0033_WDR_USCG_269543.json,4059,8553,12612,2880,
US Coast Guard TRACEN - Tomales,12_0033_WDR_USCG_MRPRevision.txt,12_0033_WDR_USCG_MRPRevision_269543.json,3168,8247,11415,2560,
Calexico Border Patrol Station,7A130139001_NOA.txt,7A130139001_NOA_859673.json,4542,8360,12902,3840,
USMC - Mainside WWTF,R7-2016-0032.txt,R7-2016-0032_269589.json,5559,8904,14463,4544,
Admin Center & Oak Shores Day Use Area,OakShoresDayUseArea_NOA.txt,OakShoresDayUseArea_NOA_204492.json,5233,8660,13893,4288,
Tuttletown Recreation Area,TuttletownNOAJune21.txt,TuttletownNOAJune21_266792.json,4289,9336,13625,3584,
New Melones Lake Glory Hole Recreation Area,GloryHoleNOADec12.txt,GloryHoleNOADec12_227381.json,4062,8956,13018,3584,
DVNP Cow Creek RO Plant,R6-2026-0010 Cow Creek Reverse Osmosis Plant.txt,R6-2026-0010 Cow Creek Reverse Osmosis Plant_902865.json,1530,8161,9691,1408,
Ash Mountain WWTF,NOA 2014-0153-DWQ-R5410 Ash Mountain WWTF.txt,NOA 2014-0153-DWQ-R5410 Ash Mountain WWTF_206529.json,4926,8469,13395,4288,
Grant Grove WWTF,2014_0153_dwq_r5341.txt,2014_0153_dwq_r5341_227781.json,4287,9340,13627,3392,
Clover Creek WWTF,2014-0153-dwq_r5342.txt,2014-0153-dwq_r5342_214873.json,6310,8354,14664,4992,
South Entrance Wastewater Facility,2014-0153-DWQ-R5208.txt,2014-0153-DWQ-R5208_826481.json,3103,8868,11971,2688,
"Lower Grove OWTS, Mariposa Grove of Giant Sequoias",2014-0153-DWQ-R5188.txt,2014-0153-DWQ-R5188_816491.json,4155,9036,13191,3328,
White Wolf WWTF,NOA_White Wolf WWTF.txt,NOA_White Wolf WWTF_274505.json,4671,9278,13949,3712,
Glacier Point WWTF,2014-0153-dwq_r5349.txt,2014-0153-dwq_r5349_227217.json,2162,8393,10555,2048,
University of California Animal Health and Food Safety (CAHFS) Laboratory,CAHFS_WWTF_NOA.txt,CAHFS_WWTF_NOA_835506.json,3538,8429,11967,3072,
Meadowlark WRF,Order No.R9-2007-0018.txt,Order No.R9-2007-0018_240177.json,3155,8061,11216,2432,
Woods Valley Ranch Water Reclamation Facility,Order No. R9-2015-0104- final.txt,Order No. R9-2015-0104- final_272975.json,4224,8294,12518,3200,
Antelope Acres Commercial Center,AntelopeAcresNOA.txt,AntelopeAcresNOA_838760.json,3269,8355,11624,2880,
Todd Road Jail WWTP,Todd Road Jail WWTP_Revised WDR_CI-7418_2024-10-08.txt,Todd Road Jail WWTP_Revised WDR_CI-7418_2024-10-08_267596.json,5096,9045,14141,4160,
Moorpark WRF - WDR,6374_R4-2023-0089_WDR_PKG.pdf.txt,6374_R4-2023-0089_WDR_PKG.pdf_848096.json,3548,8739,12287,2752,
New Piru WTF,5714_R4-2023-0292.txt,5714_R4-2023-0292_734616.json,2095,8391,10486,1984,
Jose Flores WWTP,1761_2013-0092_WDR_PKG.txt,1761_2013-0092_WDR_PKG_260486.json,3227,8501,11728,2880,
VVWRA Sub-Regional Plant-Apple Valley,r6v-2013-0004_wdr_av_subreg.txt,r6v-2013-0004_wdr_av_subreg_761913.json,1846,8232,10078,1600,
VVWRA- Sub-Regional Plant-Hesperia,r6v-2013-0005wdr_hesperia_subreg.txt,r6v-2013-0005wdr_hesperia_subreg_761903.json,1596,8250,9846,1408,
SCLA Central WWTP-Victorville Water Dist,R6V-2014-0002Adopted_Wdr_CityofVictorville.txt,R6V-2014-0002Adopted_Wdr_CityofVictorville_747480.json,3063,8813,11876,2880,
Weaverville SD WWTP,18_0004_Weaverville_WDR_.txt,18_0004_Weaverville_WDR__271915.json,2728,8300,11028,2176,
Weott WWTP,19_0003_Weott_CSD_WWTP_WDR.txt,19_0003_Weott_CSD_WWTP_WDR_272009.json,1048,8172,9220,960,
Westwood STP,R5-2019-0061.txt,R5-2019-0061_272344.json,3659,8826,12485,3136,
Willow Creek CSD WWTF,20240208_WillowCreek_WDR (002)_signed.txt,20240208_WillowCreek_WDR (002)_signed_812326.json,2710,8353,11063,2496,
Dixon Migrant Center WWTF,wqo-2014-0153-r5433_noa.txt,wqo-2014-0153-r5433_noa_220385.json,1002,8169,9171,896,
Yreka City WWTP,21_0016_Yreka_WDR.txt,21_0016_Yreka_WDR_274538.json,1444,8025,9469,1344,
Merced WWTF,r5-2026-0005_npdes.txt,r5-2026-0005_npdes_214652.json,6509,8601,15110,4352,
Oxnard WWTP,Adopted OWRRF NPDES CI-2022 06172024 signed.txt,Adopted OWRRF NPDES CI-2022 06172024 signed_246946.json,7119,10196,17315,4800,
EchoWater Resource Recovery Facility,r5-2022-0064_npdes_ao.txt,r5-2022-0064_npdes_ao_254981.json,1978,8284,10262,1664,
Douglas Flat/Vallecito WWTP,r5-2013-0009.txt,r5-2013-0009_220618.json,5732,8554,14286,4736,
Fresno Cnty #34-Millerton New Town WWTF,r5-2008-0127[1].txt,r5-2008-0127[1]_201076.json,7283,8831,16114,5888,
Oakdale WWTF,r5-2012-0063.txt,r5-2012-0063_245602.json,6163,9127,15290,4992,
