Alameda City,CA0038474,R2-2025-0007.pdf
Albany City,CA0038491,R2-2025-0008.pdf
"Omega OU2, LLC, with de maximis, inc. as",CAG914001,9037_R4-2013-0043_WDR_PKG.pdf
"Omega OU2, LLC, with de maximis, inc. as",CAG914001,9037_R4-2018-0087_WDR_PKG.pdf
American Canyon City PWD,CA0038768,Order R2-2022-0019 AmCan NPDES reissue Jun-2022.pdf
American Valley CSD,CA0078981,r5-2024-0008_npdes.pdf
Anderson City,CA0077704,R5-2025-0011_npdes.pdf
Angels City,CA0085201,r5-2022-0038_npdes.pdf
"Omega OU2, LLC, with de maximis, inc. as",CAG914001,7785_R4-2007-0022_WDR_PKG.pdf
"Omega OU2, LLC, with de maximis, inc. as",CAG914001,7785_R4-2013-0043_WDR_PKG.pdf
"Omega OU2, LLC, with de maximis, inc. as",CAG914001,7785_R4-2013-0043_WDR_PKG_rev.pdf
"Omega OU2, LLC, with de maximis, inc. as",CAG914001,7785_R4-2018-0087_WDR_PKG.pdf
Atwater City,CA0079197,R5-2012-0109.pdf
Atwater City,CA0079197,r5-2007-0063.pdf
Stallion Springs CSD,CAC439983,r5-2022-0813_mrp.pdf
Avalon City,CA0054372,06.30.25 - CCP Extension Request COA NPDES.pdf
Avalon City,CA0054372,07.01.25 - CCP Extension Request COA NPDES.pdf
Avila Beach CSD,CA0047830,R3-2017-0025 FINAL.pdf
"Baseload Power Wendel, LLC",CA0103063,R6T-2022-0057 Wendel Geothermal Power Plant (2).pdf
Bear Valley CSD,nan,Form 200_Bear Valley CSD WWTF.pdf
Bear Valley CSD,nan,R5-2024-0005_Bear Valley CSDW_MRP.pdf
Bear Valley CSD,nan,R5-2024-0005_Bear Valley CSDW_WDR.pdf
Bear Valley Springs Association,CA0081213,r5-2015-0011.pdf
"Bear Valley Water District (Bear Valley, CA)",CA0085146,r5-2022-0037_npdes.pdf
Berkeley City of Public Works,CA0038466,R2-2025-0009.pdf
Biggs City,nan,r5-2020-0008_wdr.pdf
Brawley City,CA0104523,R7-2021-0005.pdf
Brawley City,CA0104523,R7-2022-0022_Amendment.pdf
Brentwood City,CA0082660,r5-2024-0020_npdes.pdf
Burbank City DPW,CA0055531,4424_R4-2023-0358_WDR_PKG.pdf
Burlingame City PWD,CA0037788,Burlingame R2-2023-0010.pdf
C&H Sugar,CA0005240,CA0005240 CH Sugar Final R2-2018-0012.pdf
"Omega OU2, LLC, with de maximis, inc. as",CAG914001,8069_R4-2013-0043_WDR_PKG.pdf
"Omega OU2, LLC, with de maximis, inc. as",CAG914001,8069_R4-2018-0087_WDR_PKG.pdf
"Omega OU2, LLC, with de maximis, inc. as",CAG914001,8068_R4-2013-0043_WDR_PKG_rev.pdf
"Omega OU2, LLC, with de maximis, inc. as",CAG914001,8068_R4-2018-0087_WDR_PKG.pdf
Ca Dept of Corrections Imperial,CA7000001,R7-2024-0019.pdf
Ca Dept of Corrections San Luis Obispo,CA0047856,CMC NPDES Order R3-2020-0005 amended for new MRP.pdf
Ca Dept of Corrections San Luis Obispo,CA0047856,Order R3-2023-0010 Amending CMC NPDES Order R3-2020-0005 for new MRP.pdf
Cain-Papais Trust,CA0085278,r5-2008-0058.pdf
Calaveras Cnty Water District,CA0085278,r5-2024-0067_npdes.pdf
Calaveras Cnty Water District,CA0084620,r5-2023-0013_npdes.pdf
Calexico City,CA7000009,R7-2025-0007.pdf
"Omega OU2, LLC, with de maximis, inc. as",CAG914001,10445_R4-2018-0087_WDR_PKG.pdf
California Department of Corrections and Rehabilitation,nan,Revised MRP 89-2 Pelican Bay.pdf
Calipatria City,CA0105015,R7-2020-0010.pdf
Calistoga City Public Works Dept.,CA0037966,R2-2022-0010.pdf
Cayucos SD,CA3000001,Order R3-2020-0004_final.pdf
Central Marin Sanitation Agency,CA0038628,Final Order Central Marin Sanitation Agency.pdf
Chester PUD,CA0077747,Notice_of_Adoption_Chester.pdf
Chester PUD,CA0077747,r5-2021-0022_npdes.pdf
Chico City,CA0079081,r5-2022-0033_npdes.pdf
City of Morro Bay,CA3000002,7-18-22_MorroBay_finalorder.pdf
City of Redding,CA0079731,r5-2022-0040_npdes.pdf
City of Redding,CA0082589,r5-2023-0017_npdes.pdf
City of Santa Cruz,CA0048194,R3-2023-0001.pdf
Clovis City,CA0085235,r5-2024-0036_npdes.pdf
Coachella Valley WD,CA0104973,R7-2023-0013.pdf
Stallion Springs CSD,CAC439983,r5-2023-0809_mrp.pdf
Colusa City,CA0078999,r5-2022-0020_npdes.pdf
Corning City,CA0004995,r5-2022-0022_npdes.pdf
"Country Life MHRVP Asset Partners, L.P.",CA0104264,R7-2023-0041.pdf
Covelo CSD,CA0023574,23_0006_covelo_csd_06.20.2023_eosigned.pdf
Crescent City,CA0022756,23_0039_CC_Revised_MRP.pdf
Crockett Community Services District,CA0037885,R2-2024-0009 Port Costa NPDES Order.pdf
Cutler-Orosi JT Powers WW Authority,CA0081485,r5-2025-0013_ndpes.pdf
USDI National Park Service Yosemite National Park,CAG995002,Revised Cuyama CSD MRP R3-2017-0047 1-18-2018.pdf
DR Horton Los Angeles Holding Company,CA0064505,8672_R4-2003-0141_FS.pdf
DR Horton Los Angeles Holding Company,CA0064505,8672_R4-2003-0141_MRP.pdf
DR Horton Los Angeles Holding Company,CA0064505,8672_R4-2003-0141_WDR.pdf
DR Horton Los Angeles Holding Company,CA0064505,8672_R4-2008-0018_RSC.pdf
Date Gardens Asset Partners LP,CA0104841,Order R7-2023-0046- Date Gardens MHPWWTP_NPDES.pdf
Davis City,CA0079049,r5-2025-0026_npdes.pdf
Sacramento Regional County Sanitation District (Regional San),nan,2016-0068-ddw-r5022.pdf
Dos Cuadras Offshore Res. LLC,CA0105996,R8-2018-0076_Dos_Cuadaras_Platform_Eva.pdf
Dublin San Ramon Services District (WWTP NPDES & SSO),CA0037613,DSRSD - R2-2022-2024.pdf
Dunsmuir City,CA0078441,r5-2024-0009_npdes.pdf
East Bay Dischargers Authority,CA0037869,EBDA - R2-2022-0023.pdf
East Bay MUD (WPCP),CA0038440,R2-2025-0006.pdf
East Bay MUD (WPCP),CA0037702,R2-2020-0024.pdf
"East Bay Regional Park District, Union SD & EBDA",CA0038636,R2-2011-0058.pdf
East Brother Light Station Inc,nan,Final Order Package 2010-0113.pdf
Eastern Municipal Water District,CA8000188,R8-2015-0006_EMWD_Temescal_Creek_Discharge.pdf
El Centro City,CA0104426,R7-2024-0041.pdf
Emeryville City,CA0038792,R2-2025-0010.pdf
Encina Wastewater Authority,CA0107395,EOO_FinalOrderTransmittalLtr.pdf
Encina Wastewater Authority,CA0107395,EOO_FinalOrderTransmittalLtr.pdf
Eureka City,CA0024449,23_0016_Eureka_WWTP_NPDES_09.21.23.pdf
Fairfield Suisun Sewer District,CA0038024,FSSD R2-2020-0012.pdf
Fallbrook Public Utility District,CA0108031,AmendedOrderR9-2019-0169_DigitalSignature signed dwg 12-14-21.pdf
Fallbrook Public Utility District,CA0108031,AmendingOrderR920210204_DigitalSignature signed dwg 12-17-21.pdf
Fallbrook Public Utility District,CA0108031,Fallbrook_Final_Adopted_Order_R9-2019-0169.pdf
Fallbrook Public Utility District,CA0108031,R9-2019-0169_Amended2020 signed dwg 08-17-20.pdf
Fallbrook Public Utility District,CA0108031,R9-2020-0193_Final_Order signed dwg 08-17-20.pdf
Ferndale City,CA0022721,18_0046_Ferndale_NPDES.pdf
Forestville Water District,CA0023043,2024_0004_forestville_npdes_signed.pdf
Stallion Springs CSD,CAC439983,r5-2017-0085-016.pdf
Stallion Springs CSD,CAC439983,r5-2017-0085-019.pdf
Graton CSD,CA0023639,18_0001_Graton_NPDES.pdf
Grizzly Lake CSD,CA0081744,R5-2019-0052.pdf
Healdsburg City,CA0025135,22_0017_Healdsburg_WWTF_NPDES.pdf
Heber PUD,CA0104370,R7-2022-0007.pdf
Heritage Ranch CSD,CA0048941,R3-2017-0026 Final.pdf
Holtville City,CA0104361,R7-2022-0005.pdf
Humboldt County Resort Improvement District #1,CA0023027,22_0002shltrCvNPDES.pdf
Imperial CCD,nan,R7-2025-0019.pdf
Imperial City,CA0104400,R7-2021-0002.pdf
Inland Empire Utilities Agency,CA8000409,R8-2022-0041_IEUA_ RWRFs_WDR_and_MRP.pdf
Inland Empire Utilities Agency,CA8000409,R8-2022-0041_IEUA_ RWRFs_WDR_and_MRP.pdf
Inland Empire Utilities Agency,CA8000409,R8-2022-0041_IEUA_ RWRFs_WDR_and_MRP.pdf
Inland Empire Utilities Agency,CA8000409,R8-2022-0041_IEUA_ RWRFs_WDR_and_MRP.pdf
Inland Empire Utilities Agency,CA8000409,R8-2022-0041_IEUA_ RWRFs_WDR_and_MRP.pdf
Ironhouse Sanitary District,CA0085260,R5-2024-0038.pdf
Irvine Ranch Water District,CA8000326,R8-2018-0070_IRWD__Amending_R8-2015-0024.pdf
Joint Outfall System,CA0053911,5542_R4-2021-0131_WDR_PKG.pdf
Joint Outfall System,CA0053619,0755_R4-2021-0097_PO_TypographicCorrectionLtr_07182021.pdf
Joint Outfall System,CA0053619,0755_R4-2021-0097_WDR_PKG.pdf
Joint Outfall System,CA0053619,PO_AdoptedTransLtr_signed.pdf
Joint Outfall System,CA0054011,5059_R4-2021-0142_WDR_PKG (signed).pdf
Joint Outfall System,CA0054119,5662_R4-2022-0032_WDR_PKG.pdf
Joint Outfall System,CA0053716,2848_R4-2021-0096_WDR_PKG.pdf
Joint Outfall System,CA0053716,WN NPDES MRP Modify 09072022.pdf
Lathrop City,CA0085359,r5-2022-0004-01_npdes.pdf
Lathrop City,CA0085359,r5-2022-0004_npdes.pdf
Lathrop City,CA0085359,r5-2023-0032_npdes_ao.pdf
Lincoln-SMD1 Wastewater Authority,CA0084476,r5-2024-0024_npdes.pdf
Linda Cnty Water District,CA0079651,r5-2022-0070_npdes.pdf
"Liquid Stone Holdings, LLC",CA0109258,Adopted Order R9-2018-0063.pdf
"Liquid Stone Holdings, LLC",CA0109258,Stone_TO_TransmittalLtr.pdf
Stallion Springs CSD,CAC439983,R5-2017-0085-018.pdf
Livermore-Amador Valley Water Management Agency,CA0038679,LAVWMA - R2-2021-0007.pdf
Lodi City,nan,r5-2025_0046_wdr.pdf
Lodi City,nan,r5_2025-0046_mrp.pdf
Loleta CSD,CA0023671,20_0002_Loleta_CSD_WDR and Recycling NPDES.pdf
Lompoc City,CA0048127,lompoc_finalorder.pdf
Los Angeles City Bureau of Sanitation,CA0053856,TIWRP_TSO_Amendment_TransLtr_08122025_Signed sw.pdf
Los Angeles City Bureau of Sanitation,CA0053856,TSO NPDES TIWRP _08112025_Final after comments 08112025_for signature.pdf
Los Angeles Cnty DPW,CA0059099,6599_R4-2021-0062_COV.pdf
Los Angeles Cnty DPW,CA0059099,6599_R4-2021-0062_WDR.pdf
Los Angeles Cnty DPW Sewer Maintenance Div,nan,5689_00-167_MRP.pdf
Los Angeles Cnty DPW Sewer Maintenance Div,nan,5689_00-167_WDR.pdf
Los Angeles Cnty Dept of Beaches & Harbors,CA0064670,10512_R4-2020-0053_COV.pdf
Los Angeles Cnty Dept of Beaches & Harbors,CA0064670,10512_R4-2020-0053_WDR_PKG.pdf
Los Angeles Cnty Sanitation Districts,nan,6186_87-048_WRR.pdf
Los Angeles Cnty Sanitation Districts,nan,6186_97-072_WRR.pdf
Madera County Public Works Department - Special Districts,nan,Oakhurst Order 97-015.pdf
Manteca City,CA0081558,r5-2021-0003_npdes.pdf
Marin Cnty Sanitary District 5,CA0037753,R2-2023-0018.pdf
Marin Cnty Sanitary District 5,CA0037427,Paradise Cove - R2-2021-0017.pdf
Stallion Springs CSD,CAC439983,r5-2017-0085-017.pdf
Maxwell PUD,nan,R5-2009-0109.pdf
McCabe USD,CA0104281,0010mcabe.pdf
McKinleyville Community Service District,CA0024490,2024_0023_mckinleyville_sc_npdes_signed.pdf
Mendocino City CSD,CA0022870,22_01mendo_npdes.pdf
Mendocino County WWD #2 Anchor Bay,CA0024040,21_0005_AnchorBay_WWTF_NPDES.pdf
Modesto City,CA0085316,r5-2022-0034.pdf
Stallion Springs CSD,CAC439983,mgo_amend_strike.pdf
Montecito Sanitary District,CA0047899,20220829_Order R3-2022-0010_Final (ACC).pdf
Monterey One Water,CA0048551,r3-2024-0045.pdf
"Omega OU2, LLC, with de maximis, inc. as",CAG914001,8584_R4-2007-0022_COV.pdf
"Omega OU2, LLC, with de maximis, inc. as",CAG914001,8584_R4-2007-0022_FS.pdf
"Omega OU2, LLC, with de maximis, inc. as",CAG914001,8584_R4-2007-0022_MRP.pdf
"Omega OU2, LLC, with de maximis, inc. as",CAG914001,8584_R4-2013-0043_WDR_PKG.pdf
"Omega OU2, LLC, with de maximis, inc. as",CAG914001,8584_R4-2018-0087_WDR_PKG.pdf
Mountain House City,CA0084271,r5-2023-0033-01_npdes.pdf
Mountain House City,CA0084271,r5-2023-0033_npdes.pdf
Mountain House City,CA0084271,r5-2023-0033_npdes_mod.pdf
Mountain House City,CA0084271,r5-2025-0050_ao.pdf
Mt Shasta City,CA0078051,Mt_Shasta_Notice_of_Adoption.pdf
Mt Shasta City,CA0078051,r5-2023-0016_npdes.pdf
Mt View Sanitary District,CA0037770,MVSD Final Order ADA.pdf
Napa Sanitation District,CA0037575,Order_R2-2022-0003.pdf
Stallion Springs CSD,CAC439983,r5-2017-0085-015.pdf
Nevada City,CA0079901,r5-2022-0039_npdes.pdf
Newhall Ranch SD,CA0064556,9322_R4-2024-0390_WDR_PKG.pdf.pdf
Niland County Sanitation District,CA0104451,R7-2025-0017.pdf
Oakland City,CA0038512,R2-2025-0011.pdf
Oceanside City,CA0107433,AmendedOrderR920190166_Digitally Signed signed dwg 12-14-21.pdf
Oceanside City,CA0107433,AmendingOrderR920210199_Digitally Signed signed dwg 12-14-21.pdf
Oceanside City,CA0107433,Oceanside_Final_Adopted_Order_R9-2019-0166 (1).pdf
Oceanside City,CA0107433,R9-2019-0166_Amended2020 signed dwg 08-17-20.pdf
Oceanside City,CA0107433,R9-2020-0190_Final_Order signed dwg 08-17-20.pdf
Oceanside City,CA0107433,AmendedOrderR920190166_Digitally Signed signed dwg 12-14-21.pdf
Oceanside City,CA0107433,AmendingOrderR920210199_Digitally Signed signed dwg 12-14-21.pdf
Oceanside City,CA0107433,Oceanside_Final_Adopted_Order_R9-2019-0166 (1).pdf
Oceanside City,CA0107433,R9-2019-0166_Amended2020 signed dwg 08-17-20.pdf
Oceanside City,CA0107433,R9-2020-0190_Final_Order signed dwg 08-17-20.pdf
Ojai Valley Sanitary District,CA0053961,Adopted_OV Trans Ltr 12212023 signed.pdf
Olivehurst PUD,CA0077836,r5-2021-0024_npdes.pdf
"Omega OU2, LLC, with de maximis, inc. as",CAG914001,10634_R4-2018-0087_WDR_PKG.pdf
Orange CSD,CA0110604,R8-2021-0010_OCSD.pdf
Orange CSD,CA0110604,R8-2021-0010_OCSD.pdf
Orange County Water District,nan,R8-2022-0050_WDR_OCWD_GWRS.pdf
Oro Loma Sanitary District,CA0037559,Order R2-2024-0006.pdf
Padre Dam Municipal Water District,CA0107492,Finalorder_r9_2022_0003 signed dwg 02-11-22.pdf
Palo Alto City,CA0037834,CA0037834 Palo Alto Order R2-2025-0003.pdf
Paradise ID,CA0083488,R5-2025-0014_npdes.pdf
Petaluma City PWD,CA0037810,Order R2-2021-0008 (1).pdf
Piedmont City,CA0038504,R2-2025-0012.pdf
Pinole City,CA0037796,R2-2023-0008.pdf
Placer Cnty Dept of Facility Services,CA0079367,R5-2015-0036.pdf
Placer Cnty Dept of Facility Services,CA0079367,r5-2013-0076_npdes.pdf
Placer Cnty Dept of Facility Services,CA0079316,r5-2010-0092.pdf
Placer Cnty Dept of Facility Services,CA0079316,r5-2015-0033.pdf
Placer Cnty Dept of Facility Services,CA0079316,r5-2016-0080_rec.pdf
Stallion Springs CSD,CAC439983,r5-2017-0085-007.pdf
Planada CSD,nan,R5-2013-0021.pdf
"Omega OU2, LLC, with de maximis, inc. as",CAG914001,6839_R4-2013-0043_WDR_PKG.pdf
"Omega OU2, LLC, with de maximis, inc. as",CAG914001,6839_R4-2013-0043_WDR_PKG_rev.pdf
"Omega OU2, LLC, with de maximis, inc. as",CAG914001,6839_R4-2013-0043_WDR_PKG_rev2.pdf
"Omega OU2, LLC, with de maximis, inc. as",CAG914001,6839_R4-2018-0087_WDR_PKG.pdf
Ragged Point Inn,CA0049417,Final Order 2020-0003 Ragged Pt.pdf
Red Bluff City,CA0078891,r5_2023-0048_npdes.pdf
Redway CSD,CA0022781,23_0004_Redway_CSD_NPDES_01.26.23_EOsigned.pdf
Rio Alto WD,nan,Rio Alto Amended MRP Cover.pdf
Rio Alto WD,nan,Rio Alto Amended MRP R5-2016-0033.pdf
Rio Alto WD,nan,WDR Order R5-2016-0033.pdf
Rio Dell City,CA0022748,Order No. 2023-0022 Combined.pdf
Rio Vista City,CA0079588,r5-2024-0054_npdes.pdf
Rio Vista City,CA0083771,r5-2021-0004.pdf
River Highlands CSD,CA0081574,r5-2022-0024_npdes.pdf
Rodeo Sanitary District,CA0037826,R2-2022-0037.pdf
SOCWA-Aliso Creek Ocean O/F,CA0107611,r9_2022_0006_acoo_signature signed dwg 03-18-21.pdf
SOCWA-Aliso Creek Ocean O/F,CA0107611,r9_2022_0006_acoo_signature signed dwg 03-18-21.pdf
SOCWA-Aliso Creek Ocean O/F,CA0107611,r9_2022_0006_acoo_signature signed dwg 03-18-21.pdf
SOCWA-Aliso Creek Ocean O/F,CA0107611,r9_2022_0006_acoo_signature signed dwg 03-18-21.pdf
SOCWA-Aliso Creek Ocean O/F,CA0107611,r9_2022_0006_acoo_signature signed dwg 03-18-21.pdf
SOCWA-Aliso Creek Ocean O/F,CA0107611,r9_2022_0006_acoo_signature signed dwg 03-18-21.pdf
SOCWA-Aliso Creek Ocean O/F,CA0107611,r9_2022_0006_acoo_signature signed dwg 03-18-21.pdf
SOCWA-Aliso Creek Ocean O/F,CA0107611,r9_2022_0006_acoo_signature signed dwg 03-18-21.pdf
SOCWA-San Juan Creek Ocean O/F,CA0107417,amended_order_sjcoo signed dwg 03-19-25.pdf
SOCWA-San Juan Creek Ocean O/F,CA0107417,att._1_to_amending_order_sjcoo.pdf
SOCWA-San Juan Creek Ocean O/F,CA0107417,r9-2022-0005-a1_v3 signed dwg 03-28-24.pdf
SOCWA-San Juan Creek Ocean O/F,CA0107417,r9_2022_0005_sjcoo_signature signed dwg 03-18-22.pdf
SOCWA-San Juan Creek Ocean O/F,CA0107417,socwa_sjcoo_amending_order signed dwg 03-19-25.pdf
SOCWA-San Juan Creek Ocean O/F,CA0107417,amended_order_sjcoo signed dwg 03-19-25.pdf
SOCWA-San Juan Creek Ocean O/F,CA0107417,att._1_to_amending_order_sjcoo.pdf
SOCWA-San Juan Creek Ocean O/F,CA0107417,r9-2022-0005-a1_v3 signed dwg 03-28-24.pdf
SOCWA-San Juan Creek Ocean O/F,CA0107417,r9_2022_0005_sjcoo_signature signed dwg 03-18-22.pdf
SOCWA-San Juan Creek Ocean O/F,CA0107417,socwa_sjcoo_amending_order signed dwg 03-19-25.pdf
SOCWA-San Juan Creek Ocean O/F,CA0107417,amended_order_sjcoo signed dwg 03-19-25.pdf
SOCWA-San Juan Creek Ocean O/F,CA0107417,att._1_to_amending_order_sjcoo.pdf
SOCWA-San Juan Creek Ocean O/F,CA0107417,r9-2022-0005-a1_v3 signed dwg 03-28-24.pdf
SOCWA-San Juan Creek Ocean O/F,CA0107417,r9_2022_0005_sjcoo_signature signed dwg 03-18-22.pdf
SOCWA-San Juan Creek Ocean O/F,CA0107417,socwa_sjcoo_amending_order signed dwg 03-19-25.pdf
SOCWA-San Juan Creek Ocean O/F,CA0107417,amended_order_sjcoo signed dwg 03-19-25.pdf
SOCWA-San Juan Creek Ocean O/F,CA0107417,att._1_to_amending_order_sjcoo.pdf
SOCWA-San Juan Creek Ocean O/F,CA0107417,r9-2022-0005-a1_v3 signed dwg 03-28-24.pdf
SOCWA-San Juan Creek Ocean O/F,CA0107417,r9_2022_0005_sjcoo_signature signed dwg 03-18-22.pdf
SOCWA-San Juan Creek Ocean O/F,CA0107417,socwa_sjcoo_amending_order signed dwg 03-19-25.pdf
SOCWA-San Juan Creek Ocean O/F,CA0107417,amended_order_sjcoo signed dwg 03-19-25.pdf
SOCWA-San Juan Creek Ocean O/F,CA0107417,att._1_to_amending_order_sjcoo.pdf
SOCWA-San Juan Creek Ocean O/F,CA0107417,r9-2022-0005-a1_v3 signed dwg 03-28-24.pdf
SOCWA-San Juan Creek Ocean O/F,CA0107417,r9_2022_0005_sjcoo_signature signed dwg 03-18-22.pdf
SOCWA-San Juan Creek Ocean O/F,CA0107417,socwa_sjcoo_amending_order signed dwg 03-19-25.pdf
SOCWA-San Juan Creek Ocean O/F,CA0107417,amended_order_sjcoo signed dwg 03-19-25.pdf
SOCWA-San Juan Creek Ocean O/F,CA0107417,att._1_to_amending_order_sjcoo.pdf
SOCWA-San Juan Creek Ocean O/F,CA0107417,r9-2022-0005-a1_v3 signed dwg 03-28-24.pdf
SOCWA-San Juan Creek Ocean O/F,CA0107417,r9_2022_0005_sjcoo_signature signed dwg 03-18-22.pdf
SOCWA-San Juan Creek Ocean O/F,CA0107417,socwa_sjcoo_amending_order signed dwg 03-19-25.pdf
SOCWA-San Juan Creek Ocean O/F,CA0107417,amended_order_sjcoo signed dwg 03-19-25.pdf
SOCWA-San Juan Creek Ocean O/F,CA0107417,att._1_to_amending_order_sjcoo.pdf
SOCWA-San Juan Creek Ocean O/F,CA0107417,r9-2022-0005-a1_v3 signed dwg 03-28-24.pdf
SOCWA-San Juan Creek Ocean O/F,CA0107417,r9_2022_0005_sjcoo_signature signed dwg 03-18-22.pdf
SOCWA-San Juan Creek Ocean O/F,CA0107417,socwa_sjcoo_amending_order signed dwg 03-19-25.pdf
SOCWA-San Juan Creek Ocean O/F,CA0107417,amended_order_sjcoo signed dwg 03-19-25.pdf
SOCWA-San Juan Creek Ocean O/F,CA0107417,att._1_to_amending_order_sjcoo.pdf
SOCWA-San Juan Creek Ocean O/F,CA0107417,r9-2022-0005-a1_v3 signed dwg 03-28-24.pdf
SOCWA-San Juan Creek Ocean O/F,CA0107417,r9_2022_0005_sjcoo_signature signed dwg 03-18-22.pdf
SOCWA-San Juan Creek Ocean O/F,CA0107417,socwa_sjcoo_amending_order signed dwg 03-19-25.pdf
SOCWA-San Juan Creek Ocean O/F,CA0107417,amended_order_sjcoo signed dwg 03-19-25.pdf
SOCWA-San Juan Creek Ocean O/F,CA0107417,att._1_to_amending_order_sjcoo.pdf
SOCWA-San Juan Creek Ocean O/F,CA0107417,r9-2022-0005-a1_v3 signed dwg 03-28-24.pdf
SOCWA-San Juan Creek Ocean O/F,CA0107417,r9_2022_0005_sjcoo_signature signed dwg 03-18-22.pdf
SOCWA-San Juan Creek Ocean O/F,CA0107417,socwa_sjcoo_amending_order signed dwg 03-19-25.pdf
SOCWA-San Juan Creek Ocean O/F,CA0107417,amended_order_sjcoo signed dwg 03-19-25.pdf
SOCWA-San Juan Creek Ocean O/F,CA0107417,att._1_to_amending_order_sjcoo.pdf
SOCWA-San Juan Creek Ocean O/F,CA0107417,r9-2022-0005-a1_v3 signed dwg 03-28-24.pdf
SOCWA-San Juan Creek Ocean O/F,CA0107417,r9_2022_0005_sjcoo_signature signed dwg 03-18-22.pdf
SOCWA-San Juan Creek Ocean O/F,CA0107417,socwa_sjcoo_amending_order signed dwg 03-19-25.pdf
Sacramento Area Sewer District (SacSewer),CA0077682,r5-2021-0019-01_npdes.pdf
Sacramento Area Sewer District (SacSewer),CA0077682,r5-2021-0019-02.pdf
Sacramento Area Sewer District (SacSewer),CA0077682,r5-2021-0019_npdes.pdf
Sacramento Area Sewer District (SacSewer),CA0077682,r5-2022-0064_npdes_ao.pdf
Sacramento Area Sewer District (SacSewer),CA0077682,r5-2023-0049.pdf
Sacramento City,CA0079111,R5-2020-0039_npdes.pdf
Sacramento Regional CSD,CA0078794,R5-2010-0127.pdf
Sacramento Regional CSD,CA0078794,WalnutGrove_WWTP_namechange_cvlt.pdf
Samoa Pacific Group LLC,CA1000001,20_0005_Samoa WWTF_NPDES.pdf
San Andreas SD,CA0079464,R5-2024-0025_npdes.pdf
San Diego City Metropolitan Wastewater Dept (Public Utilities),CA0109398,Adopted Amended OrderNo.R9-2020-0001 signed dwg 08-13-20.pdf
San Diego City Metropolitan Wastewater Dept (Public Utilities),CA0109398,Adopted_Final_AmendingOrder signed dwg 08-17-20.pdf
San Diego City Metropolitan Wastewater Dept (Public Utilities),CA0109045,r9-2021-0011.pdf
San Jose City,CA0037842,CA0037842 SJ-SC Order R2-2020-0001.pdf
San Juan Bautista City,CA0047902,NPDES R3-2009-0019 for San Juan Bautista WWTP.pdf
San Leandro City,CA0038881,R2-2022-0006.pdf
San Mateo City,CA0037541,R2-2023-0017.pdf
San Simeon CSD,CA0047961,Order R3-2022-0003_signed.pdf
Santa Clarita Valley SD of Los Angeles Cnty,CA0054216,4993_R4-2022-0174_MRP_Rev_Ltr_TempRelocat_RSW_3D.pdf
Santa Clarita Valley SD of Los Angeles Cnty,CA0054216,4993_R4-2022-0174_WDR_PKG.pdf
Coachella SD,CA0105031,1759_97-041_MRP.pdf
Coachella SD,CA0105031,1759_97-041_WDR.pdf
Coachella SD,CA0105031,1759_R4-2007-0032_WDR_PKG.pdf
Coachella SD,CA0105031,1759_R4-2012-0087_RSC.pdf
Santa Rosa City Dept of Public Works,CA0022764,20_0012_SantaRosa-LagunaWWTF_NPDES.pdf
Santa Rosa City Dept of Public Works,CA0022764,21_0041_SantaRosa_NPDES_Amendment.pdf
Santa Rosa City Dept of Public Works,CA0022764,24_0052_SantaRosa_NPDES_Amendment_Signed.pdf
Sausalito-Marin City San District,CA0038067,NPDES Order R2-2023-0022.pdf
Seeley Cnty WD,CA0105023,R7-2023-0003.pdf
Seven Resorts Inc,CA0082376,r5-2003-0157.pdf
Sewerage Agency of Southern Marin,CA0037711,R2-2023-0021.pdf
Sewerage Commission Oroville Region,CA0079235,Notice_of_Adoption.pdf
Sewerage Commission Oroville Region,CA0079235,r5-2021-0044_npdes.pdf
Shasta CSA #17,CA0081507,r5-2024-0026_npdes.pdf
Shasta CSA #17,CA0081507,r5-2024-0027_tso.pdf
Shasta Lake City,CA0079511,r5-2020-0058_npdes.pdf
Silicon Valley Clean Water,CA0038369,SVCW Order R2-2023-0003 (1).pdf
Sonoma County Water Agency (SCWA),CA0024058,21_0002_Russian River CSD and Sonoma Water WWTF NPDES.pdf
Sonoma County Water Agency (SCWA),CA0024058,24_0030_RussianRiverCSD_NPDES_AmendmentOrder_Signed.pdf
South San Francisco City,CA0038130,SSFSB_Order_Finalsigned.pdf
USDI National Park Service Yosemite National Park,CAG995002,2014-0153-DWQ-R5187.pdf
USDI National Park Service Yosemite National Park,CAG995002,2014-0153-DWQ-R5187a.pdf
USDI National Park Service Yosemite National Park,CAG995002,SCE Big Creek Powerhouse No1 RWD.pdf
St. Helena City,CA0038016,st. helena_order r2-2021-0004.pdf
Stallion Springs CSD,CAC439983,r5-2023-0025-012.pdf
Stege Sanitary District,CA0038482,R2-2025-0013.pdf
Stockton City,CA0079138,r5-2025-0027_npdes.pdf
Summerland SD,CA0048054,R3-2022-0014-(ACC).pdf
Sunnyvale City,CA0037621,CA0037621 Sunnyvale Order R2-2020-0002.pdf
Taft City,nan,r5-2009-0054.pdf
Tehama  Co SD #1,CA0084069,r5-2023-0040_npdes.pdf
Thousand Oaks City,CA0056359,4761_98-027_WDR_amd.pdf
Thousand Oaks City,CA0056359,4761_R4-2002-0187_RSC.pdf
Tracy City,CA0079154,r5-2022-0073_npdes.pdf
Tulelake City,CA0023272,15_0002_Tulelake_WDR_revised_030415.pdf
Tuolumne Utilities District,CA0084727,r5-2008-0162.pdf
Turlock City,CA0078948,r5-2021-0005_npdes.pdf
UC Davis,CA0077895,r5-2021-0007_npdes.pdf
US Air Force Beale Air Force Base CES/CEAN,nan,r5-2019-0086_wdrs.pdf
"US Dept of Defense, Defense Logistics Agency",CA0003905,r5-2004-0077.pdf
US Navy Naval Air Station El Centro,CA0104906,R7-2021-0045.pdf
USDI National Park Service Yosemite National Park,CAG995002,2014-0153-DWQ-R5289.pdf
USDI National Park Service Yosemite National Park,CAG995002,Form200.pdf
Ukiah City,CA0022888,24_0016_Ukiah_NPDES_07.18.2024_signed.pdf
Union Sanitary District,CA0038733,R2-2020-2027.pdf
United States Section of the International Boundary and Water Commission (USIBWC),CA0108928,r9-2021-0001.pdf
United States Section of the International Boundary and Water Commission (USIBWC),CA0108928,r9_2023_0009.pdf
Vacaville City DPW,CA0077691,r5-2025-0028_npdes.pdf
Vacaville City DPW,nan,r5-2004-0021.pdf
Vacaville City DPW,nan,r5-2004-0021_mrp_rev.pdf
Vacaville City DPW,nan,r5-2004-0021_mrp_rev2.pdf
Vallejo Flood & Wastewater District (formerly Vallejo San & Flood Control District),CA0037699,Order R2-2023-0001.pdf
West County Agency,CA0038539,R2-2024-0008 West County.pdf
Richmond City,CA0038539,WCA R2-2008-0003.pdf
West Sacramento City,CA0079171,r5-2008-0073_rec.pdf
Westmorland City,CA0105007,R7-2023-0002.pdf
Willits City,CA0023060,21_0021_Willits_MRP_Revised.pdf
Willits City,CA0023060,21_0021_Willits_WWTF_NPDES.pdf
Stallion Springs CSD,CAC439983,R5-2017-0085-01.pdf
Windsor Water District,CA0023345,20_0010_Windsor Water District_NPDES.pdf
Windsor Water District,CA0023345,21_0042_Windsor WWTRF_Amendment Order.pdf
"Yountville, Town of",CA0038121,Town of Yountville Order R2-2020-0026.pdf
Yuba City,CA0079260,r5-2024-0055_npdes.pdf
